Div,Date,Time,HomeTeam,AwayTeam,FTHG,FTAG,FTR,HTHG,HTAG,HTR,HS,AS,HST,AST,HF,AF,HC,AC,HY,AY,HR,AR,B365H,B365D,B365A,BWH,BWD,BWA,IWH,IWD,IWA,PSH,PSD,PSA,WHH,WHD,WHA,VCH,VCD,VCA,MaxH,MaxD,MaxA,AvgH,AvgD,AvgA,B365>2.5,B365<2.5,P>2.5,P<2.5,Max>2.5,Max<2.5,Avg>2.5,Avg<2.5,AHh,B365AHH,B365AHA,PAHH,PAHA,MaxAHH,MaxAHA,AvgAHH,AvgAHA,B365CH,B365CD,B365CA,BWCH,BWCD,BWCA,IWCH,IWCD,IWCA,PSCH,PSCD,PSCA,WHCH,WHCD,WHCA,VCCH,VCCD,VCCA,MaxCH,MaxCD,MaxCA,AvgCH,AvgCD,AvgCA,B365C>2.5,B365C<2.5,PC>2.5,PC<2.5,MaxC>2.5,MaxC<2.5,AvgC>2.5,AvgC<2.5,AHCh,B365CAHH,B365CAHA,PCAHH,PCAHA,MaxCAHH,MaxCAHA,AvgCAHH,AvgCAHA
P1,05/08/2022,20:15,Benfica,Arouca,4,0,H,3,0,H,20,3,6,2,7,6,6,1,3,1,0,1,1.14,6.5,17,1.15,7.5,18,1.15,7.5,17,1.15,8.6,21.58,1.15,6.5,21,1.13,7.5,19,1.17,8.7,21.58,1.15,7.51,18.19,1.47,2.6,1.5,2.66,1.54,2.66,1.49,2.56,-2,1.84,2.06,1.81,2.08,1.86,2.14,1.81,2.04,1.12,7,17,1.15,8.25,15.5,1.15,8,18,1.13,9.25,23.86,1.11,8,21,1.11,8.5,19,1.15,9.4,23.86,1.13,8.25,19.24,1.44,2.7,1.46,2.8,1.51,2.92,1.43,2.76,-2.25,2,1.9,2,1.88,2.02,1.95,1.96,1.89
P1,06/08/2022,15:30,Rio Ave,Vizela,0,1,A,0,0,D,7,12,0,7,19,16,6,7,7,4,0,0,2.2,3.2,3.1,2.3,3.2,3.1,2.35,3.25,3.1,2.31,3.29,3.44,2.35,3.1,3.1,2.2,3.25,3.2,2.36,3.46,3.47,2.28,3.22,3.2,2.07,1.72,2.14,1.76,2.16,1.81,2.06,1.75,-0.25,1.95,1.95,1.97,1.93,2.03,1.96,1.95,1.89,2,3.2,3.6,2.05,3.2,3.6,2.15,3.25,3.6,2.13,3.35,3.85,2.1,3.1,3.7,2.05,3.3,3.6,2.33,3.4,3.9,2.12,3.23,3.6,2.1,1.7,2.19,1.74,2.35,1.8,2.11,1.72,-0.25,1.8,2.1,1.82,2.11,1.87,2.12,1.81,2.05
P1,06/08/2022,18:00,Estoril,Famalicao,2,0,H,2,0,H,10,15,5,5,13,11,1,2,4,1,0,0,2.5,3,2.8,2.5,3.2,2.8,2.55,3.2,2.85,2.65,3.34,2.85,2.5,3.2,2.8,2.55,3.2,2.75,2.65,3.43,2.85,2.55,3.23,2.78,2.07,1.72,2.13,1.77,2.16,1.79,2.06,1.74,0,1.89,2.01,1.88,2.03,1.91,2.05,1.86,2,2.45,3,2.87,2.5,3,2.9,2.5,3.1,3,2.61,3.18,3.03,2.4,3,3.1,2.45,3.2,2.88,2.61,3.27,3.1,2.51,3.1,2.95,2.1,1.7,2.19,1.73,2.28,1.77,2.15,1.7,0,1.81,2.09,1.81,2.11,1.84,2.14,1.8,2.08
P1,06/08/2022,20:30,Porto,Maritimo,5,1,H,3,0,H,22,9,7,3,13,11,4,4,3,2,0,0,1.16,7,10,1.19,6.75,13.5,1.2,6.75,14,1.2,7.25,15.9,1.18,6,17,1.17,6.5,17,1.21,7.3,17,1.19,6.76,14.21,1.53,2.4,1.55,2.53,1.57,2.6,1.52,2.47,-2,2,1.9,2.04,1.85,2.05,1.92,1.99,1.85,1.16,7,11,1.18,7.25,15,1.17,7.25,16,1.17,8.06,18.14,1.14,6.5,23,1.15,7,17,1.18,8.79,23,1.16,7.39,16.26,1.53,2.4,1.53,2.59,1.55,2.7,1.5,2.54,-2,1.95,1.95,1.93,1.95,2,2.05,1.88,1.96
P1,07/08/2022,15:30,Santa Clara,Casa Pia,0,0,D,0,0,D,7,11,3,3,15,12,7,6,1,3,1,0,1.95,3,4,1.95,3.3,3.5,2.05,3.25,3.85,2.1,3.45,3.83,2.05,3.25,3.7,2,3.3,3.75,2.11,3.45,4,2.03,3.31,3.73,2.15,1.66,2.25,1.69,2.29,1.77,2.14,1.69,-0.5,2.06,1.84,2.1,1.83,2.1,1.86,2.05,1.81,2.15,2.8,3.6,2.15,3.1,3.25,2.2,3.1,3.65,2.23,3.19,3.76,2.15,3,3.7,2.1,3.2,3.6,2.23,3.29,4.1,2.16,3.13,3.61,2.35,1.57,2.38,1.63,2.38,1.67,2.3,1.61,-0.25,1.9,2,1.89,2.02,1.91,2.06,1.85,2
P1,07/08/2022,18:00,Sp Braga,Sp Lisbon,3,3,D,2,2,D,15,11,7,4,14,17,3,3,2,2,0,0,3.75,3.25,1.9,3.3,3.4,1.98,3.6,3.4,2.05,3.79,3.73,2.01,3.6,3.3,2.05,3.6,3.4,2,3.79,3.73,2.06,3.6,3.47,2.01,1.98,1.88,2.02,1.87,2.03,1.92,1.94,1.85,0.5,1.85,2.05,1.89,2.01,1.9,2.08,1.83,2.01,4,3.2,1.9,4,3.4,1.8,4.1,3.4,1.95,4.05,3.67,1.96,3.9,3.3,1.95,4,3.5,1.87,4.73,3.73,1.99,4.01,3.49,1.91,1.98,1.88,2,1.88,2.03,1.91,1.97,1.84,0.5,1.96,1.94,1.94,1.96,2.03,1.99,1.93,1.92
P1,07/08/2022,20:30,Chaves,Guimaraes,0,1,A,0,1,A,14,15,2,6,10,20,2,5,2,9,0,2,2.7,3.2,2.5,2.85,3.25,2.4,2.85,3.3,2.5,2.87,3.37,2.62,2.8,3.2,2.5,2.8,3.2,2.5,2.9,3.4,2.62,2.8,3.26,2.48,2.1,1.7,2.12,1.78,2.17,1.78,2.1,1.71,0,2.04,1.86,2.05,1.87,2.11,1.87,2.04,1.81,2.55,3.2,2.6,2.55,3.1,2.75,2.6,3.2,2.75,2.72,3.19,2.88,2.55,3.2,2.75,2.55,3.2,2.75,2.86,3.38,2.88,2.6,3.18,2.74,2.1,1.7,2.16,1.75,2.22,1.75,2.12,1.7,0,1.87,2.03,1.9,2.01,1.91,2.04,1.87,1.98
P1,07/08/2022,20:30,Portimonense,Boavista,0,1,A,0,1,A,18,10,8,5,13,11,7,1,3,1,0,0,2,3.3,3.5,2.1,3.1,3.6,2.1,3.25,3.6,2.08,3.35,3.92,2.1,3.1,3.7,2.05,3.2,3.7,2.13,3.38,3.92,2.09,3.23,3.66,2.3,1.6,2.32,1.65,2.4,1.65,2.32,1.59,-0.25,1.75,2.05,1.78,2.13,1.84,2.13,1.79,2.06,2.2,3.2,3,2.25,3.1,3.25,2.25,3.2,3.3,2.4,3.19,3.36,2.25,3.1,3.3,2.3,3.13,3.2,2.4,3.42,3.58,2.29,3.14,3.31,2.2,1.65,2.32,1.66,2.4,1.68,2.28,1.62,-0.25,2.03,1.87,2.03,1.88,2.05,1.95,1.96,1.89
P1,08/08/2022,20:15,Gil Vicente,Pacos Ferreira,1,0,H,0,0,D,16,12,7,5,17,19,8,6,1,6,0,0,1.72,3.4,4.5,1.72,3.4,4.33,1.77,3.55,4.7,1.79,3.52,5.14,1.78,3.4,4.75,1.73,3.5,4.8,1.8,3.73,5.2,1.76,3.5,4.76,2.05,1.75,2.17,1.73,2.2,1.8,2.11,1.71,-0.75,1.99,1.91,2.04,1.85,2.04,1.93,1.99,1.85,1.85,3.3,4.2,2,3.2,3.3,1.97,3.3,4,2.01,3.42,4.17,2,3.25,3.8,2,3.3,3.75,2.05,3.48,4.69,1.99,3.29,3.94,2.1,1.7,2.2,1.72,2.22,1.75,2.15,1.7,-0.5,1.95,1.95,2.01,1.89,2.05,1.95,1.99,1.86
P1,12/08/2022,20:15,Famalicao,Sp Braga,0,3,A,0,2,A,11,24,5,9,11,14,7,7,3,1,0,0,3.6,3.4,2,3.5,3.4,2,3.55,3.45,2.05,3.7,3.7,2.05,3.6,3.4,2,3.6,3.5,1.95,3.7,3.7,2.07,3.56,3.53,2.02,1.88,1.98,1.87,2.02,1.89,2.03,1.84,1.97,0.5,1.87,2.03,1.87,2.05,1.88,2.05,1.83,2.02,4.2,3.5,1.8,3.7,3.5,1.93,3.8,3.5,1.95,4.14,3.87,1.88,4.2,3.4,1.85,3.9,3.6,1.87,4.37,3.88,2,3.87,3.64,1.91,1.75,2.05,1.78,2.12,1.88,2.12,1.8,2.02,0.5,2.03,1.87,2.02,1.88,2.05,1.98,1.92,1.92
P1,13/08/2022,18:00,Casa Pia,Benfica,0,1,A,0,0,D,8,14,2,4,10,9,4,9,6,4,0,1,12,5.5,1.25,12,6,1.24,12,6,1.25,14.87,6.08,1.24,15,5.5,1.22,13,6,1.2,15,6.25,1.25,12.96,5.96,1.23,1.65,2.2,1.67,2.28,1.69,2.31,1.64,2.24,1.75,1.93,1.97,1.95,1.93,1.95,1.99,1.91,1.93,11,5,1.3,12,6,1.23,11,5.5,1.3,13.87,5.56,1.28,12,4.8,1.29,10,5.25,1.29,14,6,1.32,11.45,5.39,1.28,1.66,2.15,1.73,2.2,1.74,2.25,1.69,2.17,1.5,1.97,1.93,1.98,1.93,2.04,1.93,1.96,1.89
P1,13/08/2022,20:30,Sp Lisbon,Rio Ave,3,0,H,1,0,H,20,3,6,1,15,6,7,1,1,2,0,0,1.22,6,11,1.23,6,12,1.25,6,13,1.2,6.76,17.54,1.22,5.5,15,1.2,6,15,1.25,7,17.54,1.22,6.19,13.82,1.7,2.1,1.72,2.19,1.78,2.2,1.71,2.13,-1.75,1.97,1.93,1.95,1.93,2,1.95,1.93,1.91,1.22,7,12,1.22,6.25,13,1.22,6.25,13,1.2,6.96,16.9,1.2,6.5,13,1.2,6.5,13,1.24,7.1,17,1.21,6.48,13.87,1.57,2.35,1.61,2.41,1.71,2.44,1.6,2.33,-1.75,1.88,2.02,1.86,2.03,1.9,2.06,1.86,1.99
P1,14/08/2022,15:30,Boavista,Santa Clara,2,1,H,0,1,A,16,3,5,1,13,8,8,6,3,7,0,2,2.45,3.1,2.9,2.5,3.1,2.85,2.55,3.1,2.95,2.6,3.12,3.09,2.55,3,2.88,2.5,3.1,2.9,2.6,3.28,3.09,2.52,3.1,2.94,2.35,1.57,2.37,1.64,2.42,1.67,2.32,1.6,-0.25,2.08,1.73,2.19,1.75,2.19,1.8,2.13,1.73,2.45,3,2.9,2.4,2.9,3.2,2.5,3.05,3.1,2.48,3.03,3.39,2.45,2.88,3.2,2.38,3,3.2,2.55,3.16,3.39,2.45,2.99,3.18,2.4,1.53,2.61,1.54,2.69,1.6,2.53,1.51,-0.25,2.08,1.73,2.09,1.83,2.15,1.88,2.05,1.8
P1,14/08/2022,18:00,Vizela,Porto,0,1,A,0,0,D,4,13,1,4,18,13,1,10,6,2,0,0,10,5.25,1.28,10.5,5.5,1.27,10,5.75,1.3,11.5,5.67,1.3,11,5.5,1.25,11.5,5.5,1.25,12,5.89,1.3,10.63,5.52,1.28,1.66,2.15,1.71,2.23,1.71,2.33,1.66,2.21,1.5,2,1.9,2.04,1.87,2.08,1.93,2,1.84,8.5,4.75,1.33,8,5,1.34,8.25,5.25,1.35,10.26,5.42,1.33,9,4.8,1.33,8.5,5,1.33,11,5.7,1.37,8.99,5.2,1.33,1.66,2.15,1.69,2.27,1.71,2.4,1.64,2.25,1.5,1.84,2.06,1.85,2.06,1.95,2.06,1.87,1.98
P1,14/08/2022,20:30,Guimaraes,Estoril,1,0,H,1,0,H,8,7,3,4,13,8,5,7,3,5,0,1,1.95,3.4,3.8,1.98,3.4,3.6,2.05,3.4,3.65,2.03,3.31,4.26,2.05,3.2,3.75,2,3.3,3.8,2.08,3.5,4.26,2.02,3.33,3.79,2.1,1.7,2.2,1.73,2.24,1.82,2.11,1.72,-0.5,2.04,1.86,2.03,1.88,2.08,1.89,2.02,1.82,2.05,3.3,3.5,2.05,3.25,3.6,2.1,3.3,3.55,2.1,3.26,4.07,2.1,3.1,3.7,2.05,3.3,3.6,2.14,3.45,4.1,2.08,3.27,3.71,2.07,1.72,2.14,1.76,2.17,1.82,2.09,1.74,-0.5,2.08,1.82,2.1,1.82,2.14,1.84,2.08,1.78
P1,15/08/2022,15:30,Maritimo,Chaves,1,2,A,1,0,H,13,21,6,8,12,11,3,6,1,1,0,0,2.25,3.3,3.2,2.3,3.3,2.95,2.35,3.25,3.1,2.37,3.33,3.22,2.35,3.2,3,2.3,3.2,3.1,2.37,3.41,3.28,2.32,3.25,3.1,2.1,1.7,2.14,1.75,2.19,1.76,2.11,1.72,-0.25,2,1.9,2.02,1.87,2.05,1.92,2,1.84,2.15,3.3,3.5,2.1,3.2,3.5,2.15,3.3,3.55,2.12,3.36,3.86,2.05,3.2,3.7,2.1,3.25,3.5,2.25,3.44,3.86,2.13,3.27,3.57,2.1,1.7,2.2,1.73,2.23,1.75,2.15,1.7,-0.25,1.88,2.02,1.81,2.11,1.88,2.11,1.82,2.03
P1,15/08/2022,18:00,Arouca,Gil Vicente,1,0,H,1,0,H,8,10,4,2,22,18,4,4,4,2,0,0,2.62,3.4,2.6,2.7,3.3,2.5,2.7,3.3,2.65,2.64,3.36,2.8,2.62,3.2,2.62,2.63,3.25,2.63,2.71,3.46,2.81,2.63,3.28,2.66,2.02,1.83,2.06,1.81,2.1,1.84,2.02,1.78,0,1.97,1.93,1.89,2,2.02,2,1.91,1.93,2.8,3.3,2.45,2.87,3.1,2.45,2.9,3.2,2.5,2.91,3.32,2.61,2.9,3.1,2.5,2.8,3.2,2.5,3.05,3.37,2.65,2.86,3.2,2.52,2.1,1.7,2.15,1.76,2.23,1.77,2.14,1.71,0,2.07,1.83,2.06,1.85,2.1,1.86,2.05,1.81
P1,15/08/2022,20:30,Pacos Ferreira,Portimonense,0,3,A,0,1,A,14,13,4,3,12,16,2,7,3,5,1,0,2.25,3.25,3.2,2.3,3.2,3,2.35,3.2,3.1,2.49,3.17,3.17,2.38,3.1,3.1,2.3,3.2,3.1,2.49,3.36,3.2,2.37,3.19,3.07,2.15,1.66,2.23,1.69,2.25,1.72,2.19,1.67,-0.25,2.03,1.87,2.11,1.8,2.11,1.9,2.04,1.81,2.5,3.2,2.87,2.6,3,2.8,2.6,3.15,2.85,2.8,2.98,3,2.55,3,2.88,2.55,3.1,2.8,2.8,3.29,3.15,2.63,3.04,2.86,2.25,1.61,2.37,1.63,2.4,1.68,2.3,1.61,0,1.75,2.05,1.88,2.02,1.9,2.13,1.84,2.01
P1,19/08/2022,20:15,Estoril,Rio Ave,2,2,D,1,0,H,9,17,4,7,22,13,1,5,4,3,0,1,2.1,3.25,3.75,2.1,3.2,3.5,2.15,3.25,3.55,2.16,3.31,3.8,2.15,3.1,3.5,2.1,3.2,3.6,2.16,3.4,3.85,2.13,3.23,3.59,2.25,1.61,2.31,1.66,2.36,1.69,2.27,1.63,-0.25,1.83,2.07,1.84,2.08,1.86,2.1,1.82,2.04,2.15,3.2,3.75,2.1,3.1,3.6,2.1,3.25,3.65,2.17,3.26,3.84,2.1,3.1,3.75,2.1,3.2,3.6,2.19,3.35,3.92,2.11,3.21,3.68,2.3,1.6,2.4,1.62,2.44,1.67,2.31,1.61,-0.25,1.85,2.05,1.85,2.07,1.85,2.1,1.81,2.04
P1,20/08/2022,15:30,Santa Clara,Arouca,1,2,A,0,0,D,12,10,3,4,19,21,4,2,2,3,0,0,2.05,3.25,3.75,2.05,3.2,3.6,2.1,3.25,3.65,2.17,3.36,3.7,2.1,3.2,3.6,2.1,3.2,3.6,2.17,3.4,3.8,2.1,3.26,3.63,2.25,1.61,2.34,1.65,2.36,1.67,2.28,1.62,-0.25,1.83,2.07,1.85,2.06,1.85,2.1,1.81,2.04,2,3.2,3.8,1.95,3.2,4,2.05,3.25,3.9,2.06,3.33,4.13,2,3.2,3.9,2,3.2,3.9,2.09,3.41,4.3,2.01,3.27,3.94,2.35,1.57,2.36,1.64,2.36,1.68,2.29,1.61,-0.5,2.06,1.84,2.06,1.85,2.09,1.92,2.02,1.84
P1,20/08/2022,18:00,Chaves,Vizela,1,1,D,1,1,D,18,17,3,4,8,19,5,4,5,5,1,1,2.25,3.3,3.25,2.3,3.2,3.1,2.35,3.25,3.15,2.3,3.27,3.48,2.3,3.1,3.2,2.2,3.2,3.25,2.35,3.39,3.48,2.28,3.22,3.23,2.15,1.66,2.21,1.72,2.24,1.73,2.17,1.69,-0.25,1.96,1.94,1.96,1.94,1.99,1.97,1.95,1.9,2.55,3.25,2.75,2.55,3.1,2.8,2.55,3.2,2.85,2.64,3.19,2.99,2.55,3.2,2.75,2.55,3.2,2.75,2.65,3.36,3.2,2.56,3.16,2.84,2.07,1.72,2.25,1.7,2.35,1.74,2.18,1.68,0,1.9,2,1.84,2.08,1.91,2.08,1.84,2.02
P1,20/08/2022,20:30,Porto,Sp Lisbon,3,0,H,1,0,H,11,8,5,4,23,11,3,4,1,4,0,1,2.1,3.3,3.5,2.05,3.4,3.4,2.1,3.4,3.45,2.17,3.4,3.67,2.05,3.4,3.5,2.05,3.4,3.5,2.17,3.7,3.72,2.1,3.43,3.5,1.98,1.88,1.96,1.93,2.04,1.95,1.94,1.87,-0.25,1.84,2.06,1.85,2.06,1.86,2.11,1.82,2.03,1.95,3.25,4,1.98,3.25,3.8,2,3.35,3.8,2.05,3.37,4.11,2.05,3.2,3.7,2,3.3,3.7,2.09,3.52,4.41,2,3.36,3.93,2.07,1.72,2.12,1.78,2.18,1.84,2.06,1.76,-0.5,2.06,1.84,2.05,1.87,2.08,1.93,2,1.85
P1,21/08/2022,15:30,Casa Pia,Boavista,2,0,H,0,0,D,6,11,4,4,11,13,2,2,1,3,0,0,2.45,3.1,3,2.45,3,2.95,2.5,3.1,3.05,2.56,3.1,3.19,2.45,3,3.1,2.45,3,3,2.56,3.17,3.19,2.46,3.07,3.06,2.5,1.5,2.58,1.55,2.6,1.56,2.49,1.53,-0.25,2.11,1.79,2.16,1.78,2.16,1.82,2.1,1.77,2.5,3.1,3,2.45,2.9,3.1,2.55,3,3,2.58,2.93,3.34,2.55,2.9,3,2.5,3,3,2.68,3.16,3.34,2.55,2.94,3.07,2.5,1.5,2.63,1.53,2.63,1.56,2.53,1.51,0,1.73,2.08,1.72,2.23,1.83,2.25,1.75,2.13
P1,21/08/2022,18:00,Sp Braga,Maritimo,5,0,H,2,0,H,20,7,9,1,16,7,5,5,3,1,0,0,1.36,4.5,9,1.37,4.8,7.5,1.4,4.9,7.75,1.41,5.11,7.98,1.36,4.6,8.5,1.36,4.75,8,1.41,5.2,9,1.38,4.87,7.57,1.7,2.1,1.74,2.18,1.78,2.26,1.69,2.16,-1.25,1.89,2.01,1.9,2,1.91,2.04,1.87,1.97,1.25,5.5,12,1.26,6,10,1.27,6,11,1.26,6.4,11.64,1.24,5.5,12,1.22,6,11.5,1.32,6.4,12.2,1.26,5.86,10.57,1.5,2.5,1.55,2.53,1.6,2.55,1.54,2.45,-1.75,1.96,1.94,1.96,1.93,2.09,1.95,1.98,1.86
P1,21/08/2022,20:30,Portimonense,Guimaraes,2,1,H,0,0,D,15,17,5,6,18,15,6,11,4,2,0,0,2.62,3.3,2.55,2.7,3.2,2.55,2.75,3.2,2.6,2.83,3.27,2.71,2.8,3.1,2.55,2.75,3.1,2.6,2.83,3.35,2.71,2.73,3.21,2.61,2.15,1.66,2.25,1.7,2.36,1.74,2.18,1.68,0,1.98,1.92,1.99,1.91,2.02,1.93,1.97,1.88,2.45,3.1,3.1,2.37,3.1,3.1,2.45,3.1,3.05,2.45,3.22,3.24,2.45,3,3,2.38,3.2,3,2.62,3.33,3.24,2.45,3.12,3.04,2.25,1.61,2.25,1.7,2.37,1.7,2.24,1.64,-0.25,2.08,1.82,2.08,1.84,2.17,1.84,2.08,1.78
P1,22/08/2022,20:15,Gil Vicente,Famalicao,0,0,D,0,0,D,15,10,5,2,12,13,8,4,1,5,0,0,2.2,3.5,3.2,2.15,3.3,3.25,2.25,3.4,3.2,2.27,3.38,3.36,2.2,3.25,3.2,2.2,3.3,3.2,2.28,3.51,3.36,2.21,3.35,3.22,1.98,1.88,2.06,1.83,2.07,1.89,1.99,1.81,-0.25,1.96,1.94,1.95,1.93,1.97,1.95,1.92,1.91,2.15,3.5,3.3,2.1,3.3,3.3,2.15,3.4,3.35,2.26,3.43,3.41,2.15,3.3,3.3,2.15,3.4,3.2,2.26,3.58,3.6,2.18,3.36,3.31,2,1.85,2,1.88,2.07,1.91,1.96,1.85,-0.25,1.94,1.96,1.93,1.96,1.94,2.01,1.9,1.95
P1,26/08/2022,20:15,Pacos Ferreira,Estoril,0,3,A,0,2,A,10,11,4,7,13,21,4,5,3,0,2,0,2.62,3.2,2.8,2.55,3,2.8,2.65,3.05,2.85,2.71,3.17,2.91,2.6,3,2.88,2.6,3.1,2.75,2.71,3.2,2.97,2.62,3.07,2.84,2.2,1.65,2.3,1.67,2.35,1.69,2.26,1.63,0,1.88,2.02,1.88,2.03,1.9,2.07,1.85,2.01,2.5,3.2,3,2.55,3,2.8,2.6,3.1,2.85,2.57,3.2,3.07,2.5,3.1,2.9,2.5,3.1,2.9,2.78,3.25,3.07,2.57,3.1,2.9,2.2,1.65,2.27,1.68,2.35,1.71,2.24,1.64,0,1.77,2.14,1.79,2.15,1.88,2.16,1.81,2.05
P1,27/08/2022,15:30,Maritimo,Portimonense,0,1,A,0,1,A,19,9,4,6,12,16,8,7,2,1,0,0,2.75,3.2,2.6,2.75,3.1,2.6,2.8,3.15,2.6,2.89,3.11,2.77,2.8,3.1,2.55,2.75,3.2,2.55,2.9,3.3,2.8,2.79,3.11,2.65,2.07,1.72,2.16,1.75,2.17,1.8,2.09,1.73,0,2.01,1.89,2,1.91,2.03,1.92,1.98,1.88,2.9,3.2,2.45,2.8,3.1,2.55,2.9,3.15,2.55,3.03,3.19,2.6,2.9,3.2,2.45,2.9,3.2,2.4,3.03,3.32,2.71,2.91,3.15,2.53,2.1,1.7,2.17,1.75,2.23,1.78,2.11,1.72,0,2.14,1.77,2.12,1.81,2.19,1.85,2.07,1.79
P1,27/08/2022,18:00,Boavista,Benfica,0,3,A,0,1,A,4,16,0,6,12,15,7,8,4,2,0,0,8.5,4.75,1.36,7.5,4.6,1.4,7.75,4.8,1.4,9.71,4.92,1.38,9,4.6,1.35,8.5,4.75,1.33,9.8,5,1.42,8.49,4.73,1.37,1.72,2.07,1.76,2.15,1.78,2.23,1.72,2.12,1.25,2.05,1.85,2.07,1.85,2.07,1.88,2,1.84,8.5,5,1.36,8,4.75,1.37,7.75,4.8,1.4,9.13,4.87,1.39,9,4.5,1.35,8,4.75,1.36,11,5.3,1.4,8.56,4.84,1.36,1.66,2.15,1.74,2.19,1.78,2.23,1.69,2.16,1.5,1.73,2.08,1.79,2.13,1.94,2.16,1.77,2.08
P1,27/08/2022,20:30,Sp Lisbon,Chaves,0,2,A,0,0,D,22,8,10,5,19,16,13,3,5,2,0,1,1.18,7,19,1.19,6.75,14,1.2,6.75,14,1.2,7.03,16.15,1.18,6,17,1.18,6.5,15,1.21,7.1,19,1.19,6.71,15,1.53,2.4,1.57,2.48,1.59,2.52,1.55,2.41,-2,2.03,1.87,2.07,1.83,2.08,1.91,2.02,1.83,1.2,6.5,17,1.18,7,14.5,1.2,7,15,1.18,7.52,18.17,1.17,6.5,17,1.17,7,15,1.21,7.6,18.3,1.18,6.94,15.38,1.5,2.5,1.54,2.57,1.56,2.66,1.51,2.52,-2,1.99,1.91,1.97,1.92,2.07,1.96,1.96,1.88
P1,28/08/2022,15:30,Famalicao,Santa Clara,1,0,H,1,0,H,12,13,4,2,22,11,6,4,3,3,0,0,2.15,3.4,3.3,2.15,3.3,3.3,2.2,3.3,3.3,2.19,3.51,3.5,2.15,3.2,3.4,2.15,3.25,3.4,2.25,3.51,3.53,2.17,3.32,3.35,2.05,1.75,2.05,1.85,2.17,1.85,2.04,1.77,-0.25,1.89,2.01,1.88,2.03,1.91,2.03,1.87,1.97,2.05,3.3,3.75,2.05,3.2,3.7,2.1,3.3,3.65,2.07,3.41,3.95,2,3.2,3.9,2,3.3,3.75,2.16,3.41,4.14,2.06,3.28,3.73,2.15,1.66,2.26,1.69,2.35,1.75,2.21,1.66,-0.25,1.7,2.1,1.77,2.15,1.87,2.18,1.77,2.1
P1,28/08/2022,18:00,Arouca,Sp Braga,0,6,A,0,4,A,12,15,4,10,18,13,5,4,3,3,0,0,5,3.75,1.66,4.75,3.7,1.7,4.8,3.8,1.7,5.18,4.12,1.68,4.8,3.6,1.7,5,3.75,1.67,5.18,4.12,1.76,4.83,3.85,1.69,1.72,2.07,1.85,2.05,1.86,2.16,1.78,2.04,0.75,2.01,1.89,2.04,1.87,2.04,1.92,1.96,1.88,6.5,4,1.5,6.25,4.2,1.49,6.5,4.4,1.5,6.69,4.48,1.52,7,4,1.47,6.5,4.33,1.45,8.23,4.6,1.53,6.49,4.3,1.49,1.8,2,1.81,2.08,1.83,2.13,1.77,2.04,1,2.05,1.85,2.06,1.85,2.12,1.95,2.04,1.82
P1,28/08/2022,20:30,Rio Ave,Porto,3,1,H,3,0,H,6,27,4,10,11,8,2,7,1,2,0,0,10,5.5,1.3,9.75,5.25,1.29,9.5,5.75,1.3,10.53,5.66,1.32,12,5,1.27,11,5.5,1.25,12,5.8,1.32,10.03,5.44,1.29,1.65,2.2,1.71,2.22,1.72,2.3,1.64,2.23,1.5,2.01,1.89,1.99,1.92,2.03,1.92,1.97,1.87,10,5.25,1.3,9.75,5.25,1.3,9.5,5.25,1.33,11.28,5.81,1.3,13,4.75,1.27,10.5,5,1.29,13,5.81,1.33,10.29,5.29,1.3,1.75,2.05,1.78,2.12,1.9,2.25,1.74,2.09,1.5,1.92,1.98,1.94,1.96,1.98,2.01,1.91,1.93
P1,29/08/2022,19:00,Guimaraes,Casa Pia,0,1,A,0,1,A,15,8,2,2,15,16,9,1,3,3,0,0,1.95,3.4,4,1.95,3.3,3.8,2.05,3.3,3.8,2.08,3.37,3.89,2,3.25,3.75,2,3.3,3.75,2.08,3.44,4,2.01,3.33,3.78,2.1,1.7,2.21,1.71,2.21,1.76,2.12,1.71,-0.5,2.03,1.87,2.08,1.82,2.08,1.9,2.02,1.83,2.3,2.9,3.6,2.25,2.95,3.3,2.3,2.95,3.3,2.33,3.17,3.53,2.25,3,3.4,2.2,3.1,3.4,2.35,3.22,3.93,2.28,3.03,3.44,2.4,1.53,2.46,1.6,2.5,1.64,2.38,1.57,-0.25,1.99,1.91,1.98,1.93,2,1.94,1.95,1.9
P1,29/08/2022,21:15,Vizela,Gil Vicente,2,2,D,2,2,D,18,12,9,4,9,15,5,10,2,5,0,0,2.3,3.3,3,2.35,3.25,2.9,2.4,3.3,3,2.46,3.27,3.12,2.4,3.2,2.9,2.38,3.2,3,2.49,3.35,3.12,2.4,3.24,2.97,2.05,1.75,2.09,1.79,2.1,1.82,2.03,1.77,-0.25,2.08,1.82,2.1,1.81,2.13,1.84,2.07,1.79,2.4,3.25,2.9,2.37,3.1,2.95,2.4,3.25,3,2.49,3.22,3.16,2.4,3.1,3,2.38,3.2,3,2.49,3.37,3.21,2.4,3.22,3.03,2.1,1.7,2.16,1.75,2.22,1.79,2.11,1.72,-0.25,2.09,1.81,2.12,1.81,2.12,1.83,2.07,1.79
P1,30/08/2022,20:15,Benfica,Pacos Ferreira,3,2,H,2,1,H,27,3,6,2,13,13,13,3,2,4,0,0,1.06,11,29,1.08,11,31,1.1,11,18,1.09,11.39,40.26,1.06,10,34,1.06,11,26,1.1,12,36,1.08,10.65,29.43,1.33,3.4,1.36,3.18,1.39,3.4,1.34,3.18,-2.75,1.99,1.91,2.02,1.86,2.03,1.94,1.98,1.86,1.06,11,29,1.07,11.5,34,1.09,11,19,1.08,12.94,38.82,1.06,10,34,1.06,11.5,29,1.09,14,38.82,1.07,11.63,29.24,1.25,4,1.26,3.94,1.29,4.2,1.26,3.82,-3,2.02,1.77,2.05,1.83,2.15,1.9,2.04,1.8
P1,02/09/2022,19:00,Benfica,Vizela,2,1,H,0,1,A,28,7,6,2,9,10,15,4,7,4,2,0,1.2,7,15,1.17,7.5,14,1.2,7.25,13,1.19,7.5,15.97,1.17,7,15,1.17,7,15,1.22,7.6,15.97,1.18,7.22,14.03,1.4,2.87,1.4,3.05,1.44,3.12,1.38,2.97,-2,1.86,2.04,1.88,2.01,1.89,2.06,1.85,2,1.2,7,15,1.19,7,13.5,1.22,7,11,1.2,7.48,14.1,1.17,6.5,17,1.17,7,15,1.22,7.6,17,1.19,7.12,13.71,1.36,3.1,1.4,3.03,1.44,3.22,1.38,3,-2,1.92,1.98,1.92,1.97,1.94,2.04,1.88,1.96
P1,02/09/2022,21:15,Estoril,Sp Lisbon,0,2,A,0,2,A,5,18,0,4,16,18,2,7,5,7,0,0,6.5,4.33,1.45,6.25,4.33,1.47,6.5,4.5,1.47,7.23,4.55,1.48,7.5,4.2,1.44,6.5,4.33,1.44,7.5,4.55,1.5,6.63,4.41,1.47,1.7,2.1,1.76,2.15,1.81,2.17,1.74,2.1,1.25,1.84,2.06,1.85,2.07,1.85,2.16,1.8,2.06,8,4.75,1.4,6.75,4.6,1.42,6.75,4.5,1.45,8.19,4.77,1.43,7.5,4.33,1.42,7.5,4.5,1.4,8.19,4.8,1.5,7.24,4.59,1.42,1.7,2.1,1.75,2.17,1.81,2.21,1.7,2.14,1.25,1.98,1.92,1.95,1.95,1.99,2.03,1.9,1.94
P1,03/09/2022,15:30,Sp Braga,Guimaraes,1,0,H,0,0,D,18,7,2,3,16,21,5,0,2,7,0,0,1.36,4.75,8,1.37,4.8,7.75,1.4,4.9,7.5,1.39,5.1,8.52,1.36,4.5,8.5,1.33,4.8,8.5,1.42,5.1,8.52,1.38,4.87,7.74,1.65,2.2,1.68,2.28,1.74,2.38,1.63,2.27,-1.25,1.84,2.06,1.88,2.04,1.89,2.11,1.83,2.02,1.36,4.75,8,1.37,4.75,8,1.37,4.9,8,1.38,5.11,8.99,1.35,4.5,9.5,1.33,5,8.5,1.42,5.11,9.5,1.37,4.88,8.1,1.66,2.15,1.69,2.25,1.74,2.35,1.65,2.22,-1.25,1.82,2.08,1.85,2.06,1.96,2.12,1.83,2.02
P1,03/09/2022,20:30,Gil Vicente,Porto,0,2,A,0,2,A,6,16,2,4,15,9,6,4,1,0,0,0,7,4.33,1.44,6.5,4.5,1.44,6.75,4.6,1.45,8.1,4.65,1.44,7.5,4.33,1.42,7.5,4.5,1.4,8.1,4.7,1.47,7.1,4.52,1.44,1.7,2.1,1.75,2.16,1.77,2.19,1.71,2.13,1.25,1.92,1.98,1.94,1.96,1.94,2.04,1.88,1.97,9.5,5.25,1.28,10,5.5,1.28,10,5.75,1.3,11.38,5.43,1.29,11,5.25,1.27,11,5.5,1.25,12,6,1.33,10.46,5.51,1.28,1.65,2.2,1.68,2.28,1.69,2.42,1.64,2.25,1.5,2.04,1.86,2.02,1.89,2.07,1.93,1.99,1.85
P1,04/09/2022,15:30,Casa Pia,Arouca,0,0,D,0,0,D,6,8,1,1,13,10,9,2,2,0,0,0,2,3.1,3.8,2.05,3.2,3.6,2.1,3.2,3.7,2.15,3.04,4.28,2.1,3.1,3.7,2.05,3.2,3.7,2.25,3.3,4.3,2.09,3.14,3.83,2.3,1.6,2.41,1.62,2.41,1.68,2.29,1.6,-0.5,2.07,1.83,2.14,1.78,2.16,1.85,2.09,1.77,1.9,3.2,4.2,1.98,3.25,3.9,1.97,3.25,4.1,2,3.23,4.55,1.95,3.1,4.2,1.91,3.3,4.1,2.08,3.34,4.6,1.97,3.23,4.18,2.25,1.61,2.33,1.65,2.38,1.68,2.25,1.63,-0.5,1.98,1.92,2,1.91,2.02,1.97,1.97,1.87
P1,04/09/2022,18:00,Santa Clara,Maritimo,2,1,H,0,1,A,9,17,4,5,22,16,2,3,3,4,0,1,2,3.2,3.6,2.05,3.2,3.75,2.1,3.25,3.7,2.05,3.21,4.36,2.05,3.2,3.8,2,3.2,3.9,2.1,3.4,4.36,2.03,3.23,3.89,2.25,1.61,2.29,1.68,2.31,1.73,2.23,1.65,-0.5,2.05,1.85,2.05,1.86,2.1,1.86,2.05,1.81,2.05,3.1,3.5,2.05,3.1,3.75,2.1,3.2,3.75,2.14,3.19,4.04,2.1,3.1,3.7,2.05,3.2,3.7,2.14,3.36,4.2,2.07,3.18,3.82,2.3,1.6,2.32,1.66,2.32,1.73,2.26,1.63,-0.5,2.13,1.78,2.13,1.79,2.14,1.84,2.08,1.77
P1,04/09/2022,20:30,Portimonense,Famalicao,1,0,H,0,0,D,9,13,1,1,20,10,7,5,5,2,0,0,2.2,3.2,3.2,2.2,3.2,3.25,2.3,3.25,3.2,2.42,3.1,3.43,2.25,3.2,3.2,2.3,3.2,3.13,2.5,3.3,3.43,2.31,3.17,3.22,2.15,1.66,2.22,1.71,2.25,1.78,2.14,1.7,-0.25,2.02,1.88,2.04,1.87,2.04,1.92,1.98,1.87,2.37,3.2,2.9,2.4,3.1,2.95,2.5,3.2,2.95,2.52,3.22,3.13,2.45,3.2,2.9,2.4,3.25,2.88,2.56,3.38,3.13,2.46,3.18,2.96,2.1,1.7,2.15,1.76,2.17,1.81,2.07,1.75,0,1.78,2.13,1.75,2.18,1.8,2.19,1.76,2.12
P1,05/09/2022,19:00,Boavista,Pacos Ferreira,1,0,H,0,0,D,12,7,3,1,16,18,5,1,4,3,0,0,2,3.3,3.8,2,3.2,3.75,2.05,3.3,3.8,2.05,3.28,4.17,2,3.1,4,2,3.2,3.9,2.15,3.33,4.17,2.03,3.25,3.85,2.2,1.65,2.24,1.69,2.31,1.7,2.22,1.65,-0.5,2.04,1.86,2.05,1.85,2.08,1.89,2.04,1.82,1.9,3.5,4,1.9,3.3,4,1.97,3.35,3.95,1.93,3.39,4.67,1.91,3.25,4.2,1.87,3.3,4.33,2.03,3.52,4.67,1.94,3.32,4.17,2.07,1.72,2.14,1.77,2.24,1.78,2.13,1.7,-0.5,1.92,1.98,1.93,1.98,1.99,1.99,1.94,1.91
P1,05/09/2022,21:15,Chaves,Rio Ave,1,1,D,1,0,H,21,13,6,3,14,13,8,11,5,3,0,0,2.5,3,2.87,2.45,3.1,2.9,2.55,3.1,2.9,2.54,3.17,3.09,2.5,3,3,2.5,3.1,2.9,2.59,3.3,3.09,2.51,3.08,2.95,2.25,1.61,2.26,1.68,2.33,1.7,2.25,1.63,0,1.78,2.13,1.77,2.15,1.82,2.15,1.78,2.09,2.37,3,3.1,2.35,3,3.1,2.4,3.1,3.1,2.49,3.13,3.27,2.4,3,3.1,2.38,3.1,3.1,2.5,3.14,3.33,2.41,3.08,3.13,2.25,1.61,2.31,1.67,2.37,1.68,2.25,1.64,-0.25,2.09,1.81,2.1,1.82,2.1,1.84,2.05,1.8
P1,09/09/2022,20:15,Guimaraes,Santa Clara,1,0,H,0,0,D,9,9,3,4,11,17,6,5,4,5,0,0,1.95,3.4,4,1.98,3.25,3.8,2,3.3,3.95,2.03,3.3,4.3,2,3.2,3.9,1.95,3.3,3.9,2.06,3.47,4.33,1.98,3.28,4.02,2.2,1.65,2.3,1.67,2.31,1.73,2.22,1.66,-0.5,2.04,1.86,2.03,1.88,2.06,1.9,2,1.85,2,3.25,3.8,2,3.2,3.9,2.05,3.25,3.85,2.08,3.25,4.15,2,3.2,3.9,2,3.2,3.9,2.09,3.41,4.2,2.03,3.21,3.95,2.25,1.61,2.34,1.65,2.42,1.7,2.28,1.62,-0.5,2.09,1.81,2.08,1.83,2.11,1.89,2.04,1.81
P1,10/09/2022,15:30,Famalicao,Benfica,0,1,A,0,0,D,4,13,2,7,19,12,1,5,2,0,1,0,7,4.5,1.4,6.5,4.6,1.43,7,4.7,1.43,8.58,4.8,1.41,7.5,4.33,1.42,7.5,4.6,1.4,8.58,4.82,1.44,7.45,4.63,1.41,1.66,2.15,1.7,2.24,1.74,2.27,1.68,2.17,1.25,1.96,1.94,1.98,1.93,1.98,1.98,1.92,1.92,7.5,4.75,1.4,7,4.75,1.4,7,4.6,1.43,8.55,4.78,1.42,8,4.5,1.38,7,4.6,1.4,8.55,4.9,1.45,7.49,4.7,1.41,1.65,2.2,1.68,2.28,1.73,2.35,1.64,2.24,1.25,1.96,1.94,1.96,1.94,2.07,1.97,1.94,1.91
P1,10/09/2022,18:00,Sp Lisbon,Portimonense,4,0,H,2,0,H,17,4,7,1,7,14,8,3,3,3,0,0,1.33,5.5,8,1.34,5,8.25,1.35,5,8.75,1.32,5.6,10.39,1.32,4.75,10,1.3,5,10,1.35,5.6,10.39,1.32,5.15,9.19,1.65,2.2,1.66,2.31,1.76,2.32,1.66,2.2,-1.5,2,1.9,2,1.91,2.07,1.93,1.97,1.86,1.3,5.5,7.5,1.3,5.25,9,1.35,5.5,8,1.33,5.77,9.16,1.29,5.5,9,1.29,5.25,9.5,1.35,6.21,10,1.31,5.46,9.11,1.65,2.2,1.68,2.28,1.7,2.34,1.65,2.23,-1.5,1.99,1.91,1.99,1.92,2.02,1.97,1.93,1.91
P1,10/09/2022,20:30,Porto,Chaves,3,0,H,1,0,H,19,8,7,1,13,11,9,3,1,3,0,0,1.14,7,19,1.16,7.5,17,1.17,7.25,17,1.15,8.59,20.96,1.14,7,19,1.13,7.5,19,1.18,8.8,20.96,1.15,7.6,17.48,1.5,2.5,1.5,2.68,1.55,2.68,1.5,2.54,-2,1.83,2.07,1.84,2.06,1.94,2.08,1.83,2.02,1.22,5.75,13,1.22,6.25,12,1.22,6.5,13,1.22,6.95,14.1,1.22,6,13,1.2,6.5,12,1.23,7.6,17,1.2,6.56,13.55,1.47,2.6,1.5,2.66,1.55,2.7,1.49,2.58,-2,2.08,1.73,2.1,1.79,2.14,1.95,2.05,1.8
P1,11/09/2022,15:30,Pacos Ferreira,Casa Pia,2,3,A,1,0,H,19,12,8,5,8,17,7,2,2,4,0,0,2.8,3.1,2.62,2.7,3,2.65,2.8,3.05,2.65,2.97,3.08,2.73,2.8,3,2.62,2.8,3,2.63,2.98,3.26,2.85,2.83,3.06,2.64,2.4,1.53,2.53,1.57,2.57,1.62,2.42,1.56,0,2.02,1.88,2.04,1.87,2.04,1.9,1.99,1.86,3,3.1,2.45,3,2.95,2.45,3.05,3.05,2.5,3.2,3.05,2.59,3,3,2.5,3,3,2.5,3.26,3.2,2.66,3.07,3.02,2.5,2.5,1.5,2.55,1.56,2.6,1.58,2.48,1.53,0.25,1.76,2.15,1.77,2.18,1.81,2.19,1.76,2.12
P1,11/09/2022,18:00,Arouca,Boavista,1,2,A,1,1,D,6,10,1,4,11,15,2,5,2,2,2,0,2.7,3.1,2.75,2.55,3.1,2.8,2.65,3.1,2.8,2.76,3.19,2.85,2.62,3,2.8,2.63,3,2.8,2.85,3.26,2.85,2.67,3.1,2.77,2.35,1.57,2.37,1.63,2.41,1.64,2.32,1.6,0,1.89,2.01,1.92,1.98,1.93,2.03,1.88,1.97,2.62,3.1,2.75,2.65,3,2.7,2.75,3.05,2.8,2.82,2.98,2.96,2.75,2.9,2.75,2.63,3.1,2.75,2.85,3.16,2.96,2.74,2.97,2.81,2.3,1.6,2.42,1.61,2.43,1.63,2.36,1.58,0,1.9,2,1.9,2,1.96,2,1.9,1.95
P1,11/09/2022,18:00,Maritimo,Gil Vicente,1,2,A,1,0,H,18,22,4,5,13,13,10,8,2,0,0,0,2.75,3.2,2.62,2.8,3.2,2.45,2.8,3.2,2.6,2.94,3.1,2.75,2.75,3.1,2.6,2.75,3.1,2.6,2.94,3.34,2.75,2.8,3.13,2.61,2.15,1.66,2.26,1.69,2.27,1.74,2.19,1.66,0,2.02,1.88,2.02,1.88,2.03,1.9,1.99,1.86,2.7,3.3,2.6,2.65,3.2,2.55,2.7,3.2,2.65,2.85,3.23,2.73,2.8,3.1,2.55,2.63,3.25,2.6,2.95,3.39,2.79,2.75,3.17,2.65,2.02,1.83,2.09,1.82,2.26,1.87,2.05,1.77,0,1.99,1.91,2,1.91,2.01,1.93,1.96,1.89
P1,11/09/2022,20:30,Rio Ave,Sp Braga,2,3,A,0,2,A,17,24,5,11,12,10,7,8,1,1,0,0,5.75,4,1.57,4.8,3.9,1.63,5.25,4,1.63,5.94,4.03,1.63,5.5,3.75,1.62,5.5,3.9,1.57,6,4.13,1.65,5.39,3.94,1.61,1.72,2.07,1.87,2.03,1.88,2.11,1.8,2,1,1.8,2.1,1.85,2.07,1.85,2.11,1.79,2.06,6,4,1.55,5.5,4.1,1.57,5.75,4.2,1.55,6.26,4.21,1.58,6.5,3.9,1.52,5.75,4.1,1.53,6.5,4.33,1.61,5.66,4.09,1.56,1.72,2.07,1.79,2.11,1.82,2.14,1.74,2.07,1,1.92,1.98,1.93,1.98,2.04,2.05,1.88,1.96
P1,12/09/2022,20:15,Vizela,Estoril,0,1,A,0,1,A,22,10,7,2,11,12,16,2,4,4,1,0,2.2,3.3,3.25,2.2,3.2,3.25,2.25,3.2,3.3,2.33,3.26,3.37,2.25,3.1,3.25,2.2,3.2,3.3,2.4,3.39,3.37,2.26,3.21,3.26,2.15,1.66,2.21,1.71,2.25,1.72,2.17,1.67,-0.25,1.95,1.95,1.98,1.91,1.98,1.98,1.93,1.9,2.05,3.5,3.5,2.05,3.25,3.5,2.05,3.4,3.6,2.13,3.36,3.83,2.05,3.4,3.5,2.05,3.4,3.5,2.25,3.6,3.83,2.06,3.35,3.59,2.05,1.8,2.07,1.83,2.19,1.9,2.02,1.78,-0.5,2.1,1.8,2.12,1.79,2.12,1.84,2.07,1.79
P1,16/09/2022,20:15,Portimonense,Chaves,1,0,H,1,0,H,15,17,6,4,20,15,9,7,4,2,0,1,2.1,3.25,3.5,2.2,3.2,3.3,2.2,3.25,3.4,2.2,3.27,3.73,2.15,3,3.7,2.1,3.25,3.5,2.24,3.3,3.88,2.17,3.2,3.51,2.2,1.65,2.28,1.68,2.31,1.7,2.22,1.65,-0.25,1.86,2.04,1.88,2.04,1.91,2.05,1.86,1.99,2.15,3.3,3.3,2.2,3.2,3.3,2.25,3.2,3.3,2.21,3.29,3.69,2.15,3.2,3.4,2.15,3.25,3.4,2.33,3.43,3.69,2.22,3.22,3.38,2.1,1.7,2.19,1.73,2.35,1.75,2.16,1.69,-0.25,1.88,2.02,1.88,2.03,1.99,2.04,1.91,1.94
P1,17/09/2022,15:30,Gil Vicente,Rio Ave,2,2,D,0,1,A,18,8,7,5,14,16,7,4,4,6,1,1,1.95,3.3,3.8,1.98,3.3,3.75,2.05,3.35,3.75,2.03,3.45,4.07,2,3.25,3.8,2,3.25,3.8,2.05,3.45,4.1,2.01,3.36,3.79,2.1,1.7,2.16,1.75,2.29,1.76,2.13,1.7,-0.5,2.03,1.87,2.03,1.88,2.07,1.88,2.01,1.83,2,3.5,3.6,2,3.4,3.6,2.05,3.35,3.75,2.06,3.47,3.93,2,3.25,3.8,2,3.4,3.6,2.07,3.56,4,2.03,3.4,3.71,1.98,1.88,1.99,1.9,2.09,1.9,1.98,1.83,-0.5,2.05,1.85,2.06,1.85,2.07,1.86,2.03,1.82
P1,17/09/2022,15:30,Santa Clara,Pacos Ferreira,1,1,D,1,0,H,8,7,2,4,18,16,5,8,4,3,0,0,2,3.3,3.75,2,3.2,3.8,2.05,3.25,3.8,2.06,3.27,4.23,2,3.2,3.9,2,3.25,3.8,2.06,3.44,4.23,2.03,3.25,3.9,2.2,1.65,2.19,1.74,2.3,1.74,2.2,1.67,-0.5,2.03,1.87,2.06,1.85,2.06,1.87,2.03,1.82,1.83,3.4,4.33,1.83,3.3,4.4,1.83,3.4,4.5,1.84,3.3,5.45,1.85,3.3,4.4,1.8,3.4,4.5,1.9,3.5,5.45,1.84,3.33,4.67,2.2,1.65,2.24,1.7,2.25,1.72,2.19,1.67,-0.5,1.83,2.07,1.84,2.08,1.86,2.11,1.83,2.02
P1,17/09/2022,18:00,Estoril,Porto,1,1,D,1,0,H,9,19,4,4,12,19,4,11,8,3,1,0,9.5,5,1.3,9.75,5,1.31,10,5.5,1.3,11.65,5.36,1.32,11,5,1.29,11,5.25,1.29,12,5.5,1.33,10.38,5.23,1.3,1.7,2.1,1.73,2.19,1.75,2.2,1.71,2.13,1.5,1.98,1.92,1.96,1.94,2.01,2,1.93,1.91,7.5,5,1.36,8.5,4.6,1.37,8.75,4.8,1.37,9.71,4.83,1.38,9.5,4.6,1.33,8.5,4.75,1.33,10,5.26,1.39,8.79,4.8,1.36,1.8,2,1.83,2.05,1.88,2.16,1.78,2.03,1.25,2.03,1.87,2,1.9,2.07,1.9,2.01,1.84
P1,17/09/2022,20:30,Boavista,Sp Lisbon,2,1,H,1,0,H,7,11,3,3,11,5,4,9,3,1,0,0,6.5,4.33,1.45,6.5,4.33,1.47,6.5,4.4,1.5,7.9,4.33,1.48,7,4,1.47,7,4.2,1.45,8,4.5,1.5,6.93,4.28,1.47,1.88,1.98,1.9,1.99,1.91,2,1.85,1.95,1,2.07,1.83,2.13,1.78,2.16,1.85,2.06,1.79,7,4.5,1.4,7.25,4.5,1.41,6.5,4.3,1.5,8,4.59,1.45,7.5,4.4,1.4,7.5,4.5,1.4,8,4.77,1.5,7.42,4.46,1.43,1.88,1.98,1.9,1.99,1.97,1.99,1.86,1.94,1.25,1.86,2.04,1.88,2.03,1.88,2.06,1.85,2
P1,18/09/2022,15:30,Arouca,Guimaraes,2,2,D,1,0,H,10,12,6,5,12,12,3,6,6,3,0,0,3,3.2,2.37,2.95,3.2,2.37,3.05,3.2,2.4,3.1,3.34,2.47,3,3.1,2.4,3,3.1,2.4,3.2,3.38,2.49,3,3.23,2.4,2.15,1.66,2.23,1.71,2.28,1.72,2.18,1.67,0.25,1.82,2.08,1.82,2.11,1.83,2.21,1.78,2.07,2.75,3.1,2.62,2.85,3.1,2.55,2.9,3.1,2.6,2.97,3.14,2.69,2.88,3,2.6,2.88,3.1,2.5,3.1,3.16,2.7,2.92,3.07,2.57,2.25,1.61,2.35,1.64,2.36,1.68,2.28,1.62,0,1.99,1.91,2.06,1.86,2.19,1.91,2.04,1.82
P1,18/09/2022,18:00,Benfica,Maritimo,5,0,H,1,0,H,23,4,12,1,16,5,7,2,1,3,0,0,1.11,9,21,1.12,9,19,1.12,8.75,20,1.12,10.02,26.07,1.11,8,23,1.09,9,23,1.14,10.5,26.07,1.11,9.1,20.3,1.36,3.1,1.36,3.22,1.4,3.45,1.36,3.07,-2.5,2.04,1.86,2.01,1.88,2.11,1.89,2.01,1.83,1.12,8.5,19,1.12,9.5,19,1.12,9.5,19,1.12,10.09,26.68,1.11,8,21,1.1,9,20,1.14,10.5,26.68,1.11,9.07,21.05,1.3,3.5,1.34,3.39,1.38,3.5,1.32,3.32,-2.5,2.02,1.88,2.01,1.88,2.04,1.89,1.98,1.85
P1,18/09/2022,18:00,Casa Pia,Famalicao,1,0,H,0,0,D,17,10,6,1,18,13,8,4,1,1,0,0,2.37,3,3.2,2.35,2.95,3.2,2.4,3.05,3.25,2.47,3.05,3.4,2.38,2.88,3.3,2.38,3,3.2,2.47,3.16,3.4,2.38,3.03,3.24,2.4,1.53,2.5,1.58,2.55,1.59,2.44,1.54,-0.25,2.05,1.85,2.08,1.84,2.08,1.87,2.02,1.82,2.37,3,3.2,2.35,3,3.1,2.4,3.05,3.2,2.45,3.04,3.45,2.38,2.9,3.25,2.3,3.1,3.2,2.45,3.1,3.52,2.36,3.01,3.26,2.5,1.5,2.52,1.57,2.66,1.58,2.44,1.54,-0.25,2.06,1.84,2.06,1.85,2.09,1.88,2.02,1.83
P1,18/09/2022,20:30,Sp Braga,Vizela,2,0,H,0,0,D,22,17,10,6,14,14,8,4,6,4,0,0,1.3,5,9.5,1.32,5.25,8.75,1.33,5.5,8.5,1.33,5.59,10,1.3,5,9.5,1.29,5.25,9.5,1.36,5.7,10,1.32,5.27,8.83,1.6,2.3,1.65,2.35,1.66,2.38,1.61,2.3,-1.5,1.97,1.93,1.99,1.92,1.99,1.95,1.94,1.9,1.4,4.5,7.5,1.38,4.8,7.25,1.43,4.8,7.25,1.42,5.22,7.43,1.38,4.5,8,1.36,4.75,7.5,1.44,5.22,8.5,1.4,4.88,7.18,1.6,2.3,1.62,2.41,1.64,2.48,1.58,2.34,-1.25,1.93,1.97,1.92,1.98,1.95,2.02,1.9,1.94
P1,30/09/2022,19:00,Sp Lisbon,Gil Vicente,3,1,H,2,0,H,16,11,7,4,9,6,3,2,4,1,0,0,1.3,5,9.5,1.31,5.25,9,1.3,5.5,9.5,1.31,5.76,10.68,1.29,5,11,1.29,5.25,10,1.31,5.9,11,1.3,5.45,9.71,1.6,2.3,1.64,2.36,1.67,2.42,1.62,2.28,-1.5,1.95,1.95,1.94,1.96,1.97,1.98,1.9,1.94,1.3,5,9.5,1.31,5.25,9,1.33,5.5,8.75,1.31,5.71,10.51,1.29,5,11,1.29,5.25,10,1.33,5.75,11,1.3,5.39,9.58,1.61,2.25,1.65,2.35,1.65,2.44,1.6,2.31,-1.5,1.95,1.95,1.96,1.94,1.96,2.1,1.9,1.94
P1,30/09/2022,21:15,Porto,Sp Braga,4,1,H,2,0,H,16,9,7,0,14,17,6,5,2,4,0,1,1.75,3.8,4,1.77,3.7,4.2,1.8,3.8,4.3,1.82,3.88,4.49,1.75,3.7,4.33,1.75,3.75,4.33,1.81,3.93,4.5,1.78,3.78,4.26,1.75,2.05,1.81,2.08,1.81,2.17,1.75,2.07,-0.75,2.05,1.85,2.07,1.85,2.07,1.88,2.01,1.83,1.9,3.6,3.6,1.88,3.6,3.75,1.9,3.65,3.8,2,3.72,3.84,1.91,3.4,3.9,1.87,3.6,3.9,2.03,3.95,4,1.91,3.65,3.78,1.8,2,1.86,2.03,1.86,2.16,1.77,2.04,-0.5,1.97,1.93,2,1.91,2.04,2,1.92,1.92
P1,01/10/2022,15:30,Vizela,Portimonense,1,0,H,1,0,H,15,18,6,7,10,12,5,9,3,3,0,0,2.15,3.3,3.25,2.2,3.25,3.25,2.2,3.35,3.3,2.23,3.35,3.56,2.15,3.2,3.4,2.15,3.2,3.4,2.23,3.41,3.61,2.18,3.29,3.36,2.1,1.7,2.15,1.76,2.29,1.76,2.14,1.7,-0.25,1.9,2,1.91,2,1.91,2.01,1.88,1.96,1.8,3.5,3.8,1.9,3.4,3.9,1.95,3.5,3.85,1.88,3.57,4.47,1.95,3.25,4,1.87,3.4,4.1,2.05,3.71,4.5,1.92,3.45,4,2.05,1.75,2.08,1.81,2.24,1.81,2.08,1.74,-0.5,1.86,2.04,1.88,2.03,1.99,2.06,1.91,1.92
P1,01/10/2022,18:00,Chaves,Estoril,1,1,D,1,0,H,12,14,3,3,12,15,4,8,3,3,0,0,2.25,3.1,3.2,2.3,3.2,3.1,2.35,3.2,3.15,2.31,3.31,3.4,2.25,3.2,3.2,2.25,3.2,3.2,2.35,3.42,3.4,2.29,3.24,3.19,2.15,1.66,2.17,1.75,2.25,1.75,2.16,1.69,-0.25,2,1.9,1.98,1.93,2.01,1.93,1.96,1.88,2.2,3.1,3.3,2.15,3.3,3.2,2.25,3.25,3.3,2.24,3.27,3.51,2.15,3.25,3.4,2.2,3.25,3.3,2.35,3.41,3.56,2.21,3.25,3.36,2.05,1.75,2.07,1.81,2.24,1.83,2.06,1.75,-0.25,1.93,1.97,1.92,1.99,1.96,2,1.9,1.94
P1,01/10/2022,20:30,Guimaraes,Benfica,0,0,D,0,0,D,6,6,1,1,17,22,5,6,4,1,0,0,7.5,5,1.36,7.5,4.8,1.38,7.5,4.6,1.43,8.2,5.11,1.4,8.5,4.6,1.36,8,4.75,1.36,8.5,5.2,1.43,7.89,4.92,1.37,1.65,2.2,1.7,2.25,1.75,2.28,1.68,2.19,1.25,2.03,1.87,2.03,1.88,2.05,1.88,2.01,1.84,8.5,5.5,1.33,8.75,5.25,1.32,8.5,5.25,1.35,9.36,5.53,1.34,9.5,5,1.3,9,5.25,1.3,11,5.9,1.36,9.09,5.39,1.31,1.57,2.35,1.61,2.42,1.62,2.42,1.58,2.36,1.5,1.93,1.97,1.93,1.97,2.04,2,1.93,1.91
P1,02/10/2022,15:30,Rio Ave,Santa Clara,1,0,H,1,0,H,6,6,3,1,11,11,1,8,2,3,0,1,2.45,3.2,2.8,2.45,3.1,2.9,2.5,3.2,2.95,2.63,3.22,2.96,2.5,3.1,2.88,2.5,3.1,2.88,2.64,3.29,2.97,2.52,3.16,2.88,2.25,1.61,2.3,1.67,2.36,1.67,2.28,1.62,0,1.81,2.09,1.84,2.07,1.85,2.17,1.8,2.05,2.37,3.1,3,2.4,2.95,3.2,2.35,3.05,3.3,2.53,2.98,3.37,2.3,3,3.3,2.38,3,3.2,2.53,3.25,3.68,2.38,3.01,3.27,2.6,1.47,2.7,1.51,2.7,1.54,2.57,1.5,-0.25,2.14,1.77,2.12,1.81,2.16,1.9,2.03,1.82
P1,02/10/2022,18:00,Pacos Ferreira,Arouca,1,1,D,0,0,D,6,12,3,4,16,15,3,5,3,2,0,0,2.2,3.2,3.2,2.2,3.25,3.2,2.3,3.25,3.2,2.36,3.12,3.45,2.25,3.1,3.25,2.25,3.1,3.3,2.4,3.38,3.45,2.28,3.18,3.26,2.2,1.65,2.29,1.66,2.32,1.72,2.22,1.65,-0.25,1.99,1.91,2.01,1.9,2.01,1.94,1.95,1.89,2.5,3.2,2.75,2.5,3.2,2.8,2.5,3.2,2.9,2.68,3.23,2.9,2.5,3.1,2.9,2.5,3.2,2.8,2.68,3.35,3,2.55,3.17,2.85,2.15,1.66,2.26,1.69,2.32,1.72,2.21,1.66,0,1.88,2.02,1.88,2.03,1.92,2.08,1.82,2.04
P1,02/10/2022,20:30,Famalicao,Boavista,4,0,H,2,0,H,8,10,4,1,17,17,1,5,1,3,0,0,2.2,3.2,3.3,2.2,3.1,3.3,2.25,3.2,3.35,2.31,3.22,3.45,2.2,3.1,3.4,2.2,3.1,3.4,2.32,3.37,3.45,2.25,3.18,3.34,2.25,1.61,2.24,1.69,2.36,1.7,2.25,1.64,-0.25,1.94,1.96,1.97,1.93,1.97,1.99,1.92,1.92,2.05,3.25,3.6,2.05,3.1,3.8,2.1,3.2,3.7,2.16,3.09,4.14,2.1,3.1,3.7,2.05,3.2,3.7,2.2,3.41,4.14,2.11,3.14,3.8,2.25,1.61,2.34,1.65,2.35,1.69,2.26,1.63,-0.25,1.81,2.09,1.82,2.11,1.85,2.12,1.8,2.06
P1,03/10/2022,20:15,Maritimo,Casa Pia,1,2,A,1,1,D,19,10,3,2,14,19,10,3,2,4,1,1,2.75,3.2,2.5,2.8,3.1,2.5,2.85,3.2,2.55,3.02,3.2,2.57,2.88,3.1,2.5,2.88,3.1,2.5,3.02,3.33,2.7,2.86,3.17,2.52,2.3,1.6,2.27,1.67,2.36,1.69,2.27,1.62,0,2.06,1.84,2.11,1.8,2.11,1.85,2.05,1.8,3.1,3.1,2.45,3,3.1,2.37,3,3.2,2.45,3.25,3.12,2.51,3,3.1,2.4,3,3.2,2.38,3.4,3.25,2.52,3.07,3.1,2.44,2.25,1.61,2.29,1.68,2.32,1.69,2.23,1.64,0.25,1.81,2.09,1.81,2.12,1.84,2.16,1.78,2.08
P1,07/10/2022,20:15,Gil Vicente,Estoril,0,1,A,0,0,D,12,11,3,3,22,12,7,3,4,4,0,0,2.1,3.4,3.25,2.15,3.3,3.25,2.15,3.4,3.35,2.25,3.46,3.41,2.2,3.25,3.3,2.15,3.4,3.2,2.26,3.5,3.41,2.17,3.39,3.29,1.98,1.88,2,1.89,2.02,1.9,1.95,1.85,-0.25,1.93,1.97,1.93,1.97,1.94,2.01,1.89,1.95,2.15,3.4,3.1,2.15,3.3,3.2,2.2,3.4,3.25,2.26,3.48,3.36,2.2,3.3,3.2,2.15,3.4,3.2,2.26,3.57,3.4,2.19,3.4,3.24,1.93,1.93,1.95,1.93,2.02,1.95,1.92,1.88,-0.25,1.93,1.97,1.94,1.96,1.95,1.99,1.9,1.94
P1,08/10/2022,15:30,Santa Clara,Sp Lisbon,1,2,A,0,1,A,9,11,6,3,11,15,3,5,4,3,0,0,5.75,4,1.5,5.75,4.1,1.53,6,4.2,1.53,7.01,4.44,1.51,6.5,3.9,1.52,6.5,4.1,1.5,7.01,4.44,1.54,6.28,4.16,1.51,1.88,1.98,1.88,2.02,1.92,2.03,1.85,1.95,1,2.03,1.87,2.06,1.85,2.06,1.91,1.98,1.87,6.5,4.5,1.5,6.75,4.33,1.44,7,4.4,1.47,7.97,4.51,1.46,8,4.2,1.42,7.5,4.2,1.44,8,4.6,1.52,7.15,4.38,1.45,1.93,1.93,1.95,1.93,2.08,1.97,1.89,1.9,1.25,1.79,2.11,1.83,2.09,1.88,2.12,1.8,2.05
P1,08/10/2022,18:00,Benfica,Rio Ave,4,2,H,3,1,H,32,8,10,3,3,10,8,3,1,2,0,0,1.16,7,13,1.16,7.5,16,1.17,7.5,16,1.16,8.25,18.33,1.14,7,19,1.14,7.5,17,1.17,8.4,19,1.15,7.6,16.49,1.44,2.7,1.46,2.79,1.51,2.82,1.46,2.66,-2,1.84,2.06,1.83,2.07,1.86,2.11,1.82,2.04,1.18,6.5,12,1.19,6.5,14,1.2,6.5,14,1.19,7.34,16.01,1.17,7,15,1.18,6.5,15,1.22,8,18,1.19,6.82,14.33,1.53,2.4,1.56,2.53,1.68,2.64,1.53,2.45,-2,2.06,1.84,2.06,1.83,2.11,2.01,2.01,1.83
P1,08/10/2022,18:00,Portimonense,Porto,0,2,A,0,1,A,12,18,3,7,12,7,1,5,4,2,0,0,7,4.75,1.4,7,4.5,1.43,7,4.7,1.43,7.86,4.73,1.44,8,4.33,1.4,7.5,4.4,1.4,8,4.75,1.45,7.16,4.55,1.43,1.72,2.07,1.81,2.07,1.83,2.17,1.75,2.07,1.25,1.88,2.02,1.89,2.02,1.89,2.04,1.86,1.99,8.5,5,1.36,8,4.8,1.36,8,4.9,1.37,9.21,5.15,1.37,9,4.5,1.35,9,4.8,1.33,9.21,5.2,1.41,8.32,4.88,1.36,1.7,2.1,1.73,2.2,1.82,2.21,1.71,2.13,1.5,1.8,2,1.8,2.11,1.84,2.14,1.78,2.07
P1,08/10/2022,20:30,Pacos Ferreira,Guimaraes,0,1,A,0,1,A,23,11,7,2,22,17,14,3,7,7,2,1,3.1,3.2,2.3,2.95,3.2,2.35,3.1,3.25,2.35,3.34,3.25,2.38,3.1,3.1,2.35,3.2,3.1,2.3,3.34,3.29,2.4,3.13,3.21,2.33,2.25,1.61,2.31,1.67,2.32,1.7,2.23,1.65,0.25,1.86,2.04,1.88,2.02,1.89,2.06,1.84,2,3.3,3.2,2.2,3.25,3.25,2.2,3.35,3.25,2.25,3.65,3.3,2.22,3.5,3.1,2.15,3.4,3.2,2.15,3.72,3.38,2.3,3.41,3.24,2.17,2.2,1.65,2.24,1.7,2.28,1.72,2.2,1.66,0.25,2.01,1.89,2.02,1.89,2.06,1.94,1.98,1.86
P1,09/10/2022,15:30,Boavista,Maritimo,1,1,D,1,0,H,20,14,5,3,20,17,8,8,2,5,0,0,1.9,3.4,4.2,1.9,3.5,3.8,1.95,3.45,3.9,1.98,3.44,4.28,1.95,3.3,3.9,1.93,3.3,4,1.98,3.51,4.28,1.94,3.41,3.97,2.05,1.75,2.12,1.78,2.14,1.81,2.06,1.75,-0.5,1.96,1.94,1.98,1.93,1.98,1.96,1.95,1.9,1.8,3.5,4.5,1.8,3.5,4.33,1.8,3.55,4.5,1.83,3.58,4.94,1.8,3.5,4.4,1.8,3.5,4.33,1.86,3.64,5.1,1.81,3.53,4.54,2,1.85,2.03,1.86,2.13,1.91,2.02,1.79,-0.5,1.8,2.1,1.82,2.09,1.86,2.13,1.8,2.05
P1,09/10/2022,18:00,Casa Pia,Vizela,0,1,A,0,0,D,12,8,5,5,12,15,8,1,3,1,0,0,2.37,3.1,3,2.35,3.2,3,2.4,3.15,3.1,2.5,3.02,3.37,2.35,3.1,3.1,2.38,3.1,3.1,2.5,3.25,3.37,2.39,3.1,3.13,2.35,1.57,2.39,1.63,2.45,1.65,2.33,1.6,-0.25,2.09,1.81,2.1,1.83,2.12,1.84,2.05,1.8,2.4,3.2,2.87,2.45,3.1,2.85,2.45,3.2,3,2.56,3.21,3.07,2.4,3.1,3,2.45,3.2,2.9,2.56,3.34,3.2,2.45,3.17,2.98,2.1,1.7,2.2,1.73,2.35,1.77,2.16,1.69,-0.25,2.08,1.73,2.16,1.76,2.17,1.8,2.1,1.76
P1,09/10/2022,20:30,Sp Braga,Chaves,0,1,A,0,1,A,30,6,5,1,13,12,13,1,6,5,0,0,1.28,5.5,9,1.28,5.75,9.25,1.3,5.75,10,1.3,5.94,10.29,1.29,5,11,1.25,5.5,10.5,1.31,5.94,11,1.29,5.6,9.6,1.57,2.35,1.58,2.48,1.61,2.48,1.57,2.38,-1.5,1.86,2.04,1.89,2.01,1.89,2.07,1.85,1.99,1.4,4.75,6.5,1.4,4.8,7,1.4,5,7,1.41,5.24,7.48,1.4,4.5,7.5,1.36,4.8,7.5,1.46,5.5,7.9,1.39,5,7.19,1.57,2.35,1.58,2.5,1.62,2.5,1.56,2.39,-1.25,1.94,1.96,1.92,1.99,1.94,2.05,1.86,1.98
P1,10/10/2022,20:15,Arouca,Famalicao,4,1,H,1,1,D,14,11,7,5,17,15,3,5,0,4,0,0,2.62,3.25,2.55,2.65,3.2,2.55,2.7,3.25,2.65,2.86,3.2,2.69,2.75,3.1,2.6,2.75,3.1,2.63,2.86,3.25,2.7,2.73,3.18,2.62,2.2,1.65,2.23,1.69,2.31,1.71,2.22,1.65,0,1.96,1.94,2.01,1.88,2.01,1.97,1.96,1.89,2.87,3.1,2.45,2.8,3,2.55,2.85,3.15,2.6,3.06,3.04,2.7,2.9,3.1,2.5,2.9,3,2.55,3.06,3.24,2.71,2.87,3.08,2.59,2.4,1.53,2.52,1.57,2.52,1.64,2.38,1.57,0,2.07,1.83,2.08,1.83,2.09,1.9,2.03,1.83
P1,21/10/2022,20:15,Porto,Benfica,0,1,A,0,0,D,11,13,4,4,14,19,4,4,5,7,1,0,2.3,3.25,3,2.3,3.25,2.95,2.4,3.25,3.05,2.41,3.32,3.21,2.35,3.1,3.1,2.3,3.3,3,2.47,3.36,3.34,2.37,3.24,3.08,2,1.85,2.01,1.88,2.09,1.91,1.99,1.83,-0.25,2.05,1.85,2.06,1.85,2.06,1.87,2.02,1.83,2.3,3.2,3,2.3,3.2,3,2.35,3.25,3.05,2.43,3.37,3.13,2.35,3.1,3.1,2.38,3.3,3,2.5,3.45,3.26,2.35,3.27,3.08,1.95,1.9,1.99,1.9,2.06,1.93,1.96,1.85,-0.25,2.08,1.82,2.08,1.84,2.19,1.88,2.02,1.83
P1,22/10/2022,15:30,Famalicao,Pacos Ferreira,2,1,H,1,1,D,10,12,2,1,10,14,3,8,2,3,0,0,1.66,3.5,4.75,1.71,3.5,5,1.73,3.55,5,1.71,3.69,5.68,1.7,3.4,5.25,1.7,3.5,5.25,1.78,3.74,5.68,1.71,3.57,5.11,2.15,1.66,2.18,1.74,2.23,1.75,2.16,1.69,-0.75,1.94,1.96,1.93,1.97,1.97,1.97,1.92,1.91,1.8,3.3,4,1.88,3.25,4.2,1.9,3.35,4.3,1.88,3.42,4.83,1.83,3.3,4.5,1.85,3.3,4.4,1.94,3.57,4.83,1.88,3.35,4.36,2.2,1.65,2.27,1.68,2.37,1.7,2.23,1.64,-0.5,1.87,2.03,1.88,2.02,1.91,2.03,1.87,1.97
P1,22/10/2022,18:00,Estoril,Sp Braga,0,2,A,0,2,A,4,14,2,7,16,12,5,7,3,1,0,0,4.5,3.75,1.66,4.75,3.75,1.68,4.5,3.85,1.73,4.97,4.09,1.71,4.75,3.7,1.7,4.8,3.8,1.67,5,4.1,1.74,4.66,3.87,1.7,1.72,2.07,1.76,2.14,1.79,2.14,1.75,2.06,0.75,1.99,1.91,2,1.91,2.01,1.93,1.94,1.89,5.25,3.8,1.55,5.25,3.9,1.6,5.25,3.95,1.63,5.85,4.09,1.63,5.5,3.75,1.6,5.5,4,1.57,5.85,4.19,1.65,5.42,3.99,1.6,1.72,2.07,1.75,2.16,1.9,2.21,1.73,2.1,1,1.87,2.03,1.87,2.05,1.89,2.14,1.81,2.04
P1,22/10/2022,20:30,Sp Lisbon,Casa Pia,3,1,H,0,1,A,25,10,10,3,16,15,7,3,2,5,0,0,1.28,5,9,1.3,5,10.5,1.33,5.25,9.5,1.29,5.83,11.58,1.29,4.8,12,1.29,5,11,1.33,5.83,12,1.29,5.29,10.22,1.75,2.05,1.79,2.11,1.82,2.17,1.75,2.07,-1.5,1.97,1.93,1.98,1.93,1.98,1.97,1.93,1.91,1.4,4.33,7,1.39,4.5,8,1.4,4.7,8,1.41,5.01,8.17,1.4,4.33,8,1.4,4.5,7.5,1.44,5.3,9.8,1.39,4.71,7.96,1.72,2.07,1.81,2.08,1.88,2.13,1.78,2.03,-1.25,1.97,1.93,1.97,1.93,1.98,2.07,1.9,1.94
P1,23/10/2022,15:30,Maritimo,Arouca,1,1,D,1,1,D,16,16,4,5,13,13,5,5,1,3,0,0,2.55,3.1,2.7,2.6,3.2,2.65,2.6,3.25,2.75,2.66,3.3,2.87,2.6,3.1,2.75,2.6,3.1,2.75,2.7,3.36,2.87,2.59,3.2,2.75,2.15,1.66,2.24,1.7,2.27,1.75,2.17,1.68,0,1.9,2,1.88,2.03,1.92,2.03,1.87,1.98,2.4,3.2,2.87,2.4,3.2,2.87,2.45,3.2,2.95,2.49,3.33,3.08,2.45,3.2,2.9,2.45,3.2,2.88,2.51,3.4,3.08,2.44,3.25,2.93,2.07,1.72,2.13,1.77,2.24,1.81,2.09,1.73,-0.25,2.08,1.73,2.13,1.81,2.17,1.81,2.09,1.76
P1,23/10/2022,15:30,Vizela,Santa Clara,0,1,A,0,0,D,18,12,3,2,14,23,5,2,3,5,1,0,1.9,3.3,3.8,1.98,3.25,3.8,2.05,3.3,3.8,2.03,3.38,4.14,2,3.2,3.9,1.95,3.2,4,2.05,3.43,4.14,1.99,3.29,3.91,2.2,1.65,2.31,1.67,2.32,1.68,2.25,1.64,-0.5,1.98,1.92,2.03,1.88,2.05,1.92,1.99,1.84,1.9,3.3,3.8,1.98,3.25,3.8,2,3.3,3.9,2.05,3.44,3.99,2,3.25,3.9,1.95,3.3,3.9,2.05,3.49,4.1,1.99,3.32,3.92,2.2,1.65,2.2,1.72,2.29,1.72,2.21,1.66,-0.5,1.98,1.92,2.05,1.86,2.05,1.92,1.99,1.85
P1,23/10/2022,18:00,Chaves,Gil Vicente,3,1,H,0,1,A,18,10,9,3,7,12,5,1,1,2,0,1,2.5,3.4,2.6,2.5,3.3,2.7,2.55,3.35,2.7,2.6,3.52,2.79,2.55,3.2,2.75,2.55,3.25,2.7,2.7,3.52,2.79,2.55,3.34,2.71,2.02,1.83,2.06,1.84,2.07,1.85,2.02,1.79,0,1.87,2.03,1.88,2.03,1.88,2.05,1.85,1.99,2.5,3.3,2.62,2.6,3.2,2.65,2.6,3.3,2.7,2.65,3.49,2.75,2.55,3.2,2.75,2.63,3.3,2.6,2.7,3.49,2.87,2.6,3.32,2.68,2,1.85,2.03,1.87,2.11,1.9,2.02,1.79,0,1.87,2.03,1.92,1.99,1.98,2.05,1.9,1.95
P1,23/10/2022,20:30,Guimaraes,Boavista,3,2,H,1,1,D,18,4,9,2,18,19,9,1,3,6,0,1,2,3.3,3.5,2.1,3.1,3.6,2.1,3.25,3.7,2.11,3.26,4.04,2.05,3.1,3.8,2.05,3.1,3.9,2.15,3.35,4.04,2.07,3.21,3.77,2.35,1.57,2.42,1.61,2.47,1.64,2.35,1.59,-0.5,2.09,1.81,2.11,1.82,2.11,1.83,2.07,1.78,2.1,3.2,3.3,2.15,3,3.5,2.2,3.15,3.5,2.28,3.16,3.65,2.15,3.2,3.4,2.2,3.1,3.4,2.28,3.39,3.95,2.19,3.11,3.55,2.4,1.53,2.48,1.59,2.5,1.6,2.39,1.56,-0.25,1.93,1.97,1.93,1.97,1.96,2.02,1.89,1.95
P1,24/10/2022,20:15,Rio Ave,Portimonense,1,0,H,1,0,H,11,12,4,3,13,15,3,2,3,1,0,1,2.45,3.3,2.7,2.45,3.1,2.85,2.55,3.2,2.85,2.65,3.08,3.03,2.55,3.1,2.8,2.5,3.1,2.88,2.67,3.37,3.04,2.56,3.1,2.86,2.15,1.66,2.21,1.71,2.28,1.73,2.19,1.67,0,1.82,2.08,1.82,2.09,1.87,2.09,1.81,2.04,2.25,3.3,3.25,2.35,3.1,3,2.4,3.2,3,2.37,3.24,3.37,2.38,3.2,3,2.25,3.2,3.13,2.48,3.42,3.37,2.34,3.21,3.12,2.1,1.7,2.21,1.72,2.21,1.79,2.13,1.71,-0.25,1.99,1.91,2.02,1.89,2.1,1.92,2.01,1.84
P1,28/10/2022,20:15,Pacos Ferreira,Maritimo,0,1,A,0,1,A,10,16,4,7,26,12,6,10,2,4,0,0,2.25,3.2,3.3,2.25,3.2,3.2,2.35,3.2,3.2,2.33,3.23,3.47,2.3,3.1,3.2,2.25,3.2,3.2,2.35,3.27,3.47,2.28,3.18,3.23,2.15,1.66,2.24,1.7,2.31,1.73,2.18,1.66,-0.25,1.98,1.92,1.98,1.93,1.99,1.93,1.95,1.89,2.25,3.3,3.2,2.25,3.3,3,2.3,3.3,3.1,2.38,3.39,3.2,2.3,3.1,3.2,2.25,3.25,3.1,2.38,3.42,3.55,2.3,3.27,3.16,1.98,1.88,2.01,1.88,2.14,1.94,2,1.81,-0.25,2.04,1.86,2.04,1.87,2.06,1.92,1.98,1.87
P1,29/10/2022,15:30,Santa Clara,Porto,1,1,D,0,1,A,9,15,5,4,13,13,5,6,4,1,0,0,7.5,4.5,1.4,7.25,4.5,1.41,7.25,4.4,1.43,9.37,4.78,1.4,8,4.33,1.4,8,4.5,1.4,8.75,4.85,1.43,7.76,4.51,1.39,1.88,1.98,1.9,1.99,1.92,2.04,1.84,1.94,1.25,1.92,1.98,1.95,1.95,1.94,2.03,1.89,1.94,10,5,1.3,9.5,5,1.31,10,5,1.33,11.95,5.38,1.31,12,4.75,1.29,10.5,5,1.29,12,5.4,1.33,10.49,5.13,1.3,1.83,2.02,1.85,2.04,1.99,2.07,1.81,1.99,1.5,1.91,1.99,1.91,1.99,1.94,2.02,1.87,1.97
P1,29/10/2022,18:00,Benfica,Chaves,5,0,H,3,0,H,18,7,9,2,16,12,13,2,2,2,0,0,1.18,7,13,1.17,7.5,14,1.2,6.75,14,1.18,7.64,17.57,1.17,6.5,17,1.15,7,17,1.2,7.64,17.57,1.17,7.04,14.88,1.44,2.7,1.44,2.85,1.47,2.85,1.44,2.7,-2,1.88,2.02,1.88,2.01,1.91,2.04,1.87,1.96,1.1,9,19,1.12,9.75,17.5,1.15,8.5,18,1.11,10.17,27.12,1.1,9,23,1.09,9.5,21,1.15,11.3,27.12,1.11,9.32,20.55,1.3,3.5,1.33,3.45,1.36,3.5,1.32,3.31,-2.5,1.97,1.93,1.98,1.91,2.06,2.04,1.96,1.88
P1,29/10/2022,20:30,Arouca,Sp Lisbon,1,0,H,0,0,D,10,21,5,7,12,6,4,11,5,3,0,0,7,4.2,1.45,6.75,4.33,1.46,6.75,4.1,1.53,7.38,4.63,1.47,8,4,1.44,7,4.2,1.44,8,4.63,1.53,6.92,4.3,1.45,1.9,1.95,1.9,1.98,1.94,1.98,1.87,1.9,1,2.05,1.75,2.15,1.78,2.16,1.86,2.06,1.78,5.25,3.6,1.66,4.33,3.8,1.72,4.7,3.9,1.7,5.6,4.19,1.63,4.6,3.7,1.73,4.5,3.75,1.73,5.6,4.2,1.78,4.81,3.87,1.69,1.85,2,1.86,2.03,1.88,2.11,1.79,2.01,1,1.65,2.2,1.82,2.11,1.89,2.4,1.69,2.2
P1,30/10/2022,15:30,Boavista,Vizela,2,2,D,1,2,A,12,7,4,5,8,20,6,1,3,7,0,1,2.4,3.25,2.87,2.45,3.2,2.8,2.5,3.25,2.9,2.63,3.17,3.02,2.5,3.2,2.8,2.5,3.1,2.88,2.63,3.37,3.02,2.49,3.2,2.85,2.15,1.66,2.24,1.7,2.24,1.75,2.14,1.68,0,1.81,2.09,1.83,2.1,1.85,2.11,1.8,2.05,2.7,3.25,2.5,2.75,3.2,2.55,2.8,3.25,2.6,2.87,3.31,2.66,2.7,3.2,2.6,2.75,3.2,2.55,2.87,3.38,2.82,2.75,3.22,2.61,2.1,1.7,2.17,1.75,2.35,1.77,2.14,1.7,0,2.04,1.86,2.03,1.88,2.08,1.92,1.98,1.87
P1,30/10/2022,15:30,Portimonense,Estoril,1,1,D,0,1,A,23,10,7,5,22,15,11,7,5,7,0,1,2.37,3.3,3,2.35,3.1,3,2.4,3.2,3.1,2.41,3.2,3.32,2.35,3.1,3.1,2.3,3.2,3.1,2.41,3.36,3.32,2.34,3.17,3.09,2.2,1.65,2.27,1.68,2.31,1.68,2.22,1.64,-0.25,2.03,1.87,2.05,1.86,2.05,1.89,2.01,1.83,2.4,3.25,3,2.4,3.1,2.9,2.45,3.2,2.95,2.5,3.22,3.16,2.4,3.1,3,2.38,3.2,3,2.58,3.33,3.19,2.43,3.18,3,2.15,1.66,2.27,1.7,2.35,1.73,2.2,1.66,-0.25,2.08,1.82,2.12,1.81,2.13,1.85,2.07,1.79
P1,30/10/2022,18:00,Casa Pia,Rio Ave,1,0,H,0,0,D,11,9,2,0,18,21,3,4,2,3,0,0,2,3.2,3.8,2.05,3.1,3.7,2.05,3.25,3.8,2.08,3.39,3.94,2,3.2,3.9,2,3.2,3.9,2.08,3.39,3.94,2.03,3.25,3.76,2.25,1.61,2.31,1.67,2.36,1.67,2.28,1.6,-0.5,2.05,1.85,2.08,1.83,2.08,1.87,2.04,1.81,2,3.25,3.8,2.05,3.2,3.7,2.1,3.25,3.65,2.07,3.37,4.03,2.05,3.2,3.7,2,3.25,3.8,2.15,3.43,4.2,2.05,3.27,3.78,2.25,1.61,2.3,1.67,2.37,1.68,2.26,1.63,-0.5,2.06,1.84,2.07,1.85,2.11,1.87,2.05,1.8
P1,30/10/2022,20:30,Gil Vicente,Sp Braga,0,1,A,0,0,D,8,14,3,6,17,16,5,8,4,3,0,0,4.5,3.8,1.72,4.2,3.7,1.77,4.5,3.7,1.77,4.76,3.87,1.78,4.33,3.6,1.78,4.5,3.7,1.73,4.76,3.94,1.81,4.4,3.73,1.75,1.75,2.05,1.79,2.1,1.83,2.1,1.78,2.01,0.75,1.9,2,1.9,2.01,1.91,2.02,1.86,1.97,5.5,4.2,1.55,5.25,4.2,1.55,5.75,4.1,1.57,5.91,4.41,1.57,6,4,1.52,5.5,4.2,1.53,6.04,4.43,1.6,5.6,4.26,1.55,1.6,2.3,1.65,2.34,1.67,2.39,1.62,2.27,1,1.96,1.94,1.95,1.95,1.99,2,1.91,1.93
P1,31/10/2022,20:15,Guimaraes,Famalicao,3,2,H,1,0,H,13,9,6,4,19,20,1,7,4,5,0,0,1.95,3.6,3.5,2.05,3.2,3.75,2.05,3.3,3.7,2.05,3.31,4.08,2.05,3.1,3.9,2,3.2,3.9,2.1,3.6,4.08,2.02,3.26,3.78,2.3,1.6,2.33,1.64,2.36,1.66,2.29,1.6,-0.5,2.03,1.87,2.05,1.85,2.05,1.91,2.02,1.82,2.45,3.1,3,2.2,3.1,3.3,2.35,3.1,3.2,2.54,3.12,3.2,2.35,3.1,3.1,2.4,3.13,3,2.54,3.27,3.54,2.38,3.11,3.17,2.3,1.6,2.38,1.63,2.41,1.66,2.3,1.6,-0.25,2.13,1.78,2.14,1.79,2.14,1.93,2.04,1.81
P1,04/11/2022,20:15,Gil Vicente,Portimonense,1,2,A,1,1,D,19,17,6,7,12,12,4,3,2,1,0,0,2.2,3.25,3.2,2.2,3.4,3.1,2.3,3.4,3.1,2.34,3.49,3.19,2.25,3.25,3.1,2.25,3.3,3.1,2.34,3.55,3.3,2.26,3.39,3.11,2,1.85,2.02,1.88,2.05,1.89,1.98,1.82,-0.25,2,1.9,2.01,1.89,2.03,1.94,1.96,1.88,2.15,3.25,3.3,2.15,3.3,3.25,2.25,3.35,3.2,2.2,3.45,3.53,2.2,3.2,3.25,2.15,3.3,3.3,2.26,3.5,3.53,2.19,3.35,3.31,2.05,1.8,2.07,1.83,2.13,1.86,2.03,1.79,-0.25,1.88,2.02,1.89,2.02,1.95,2.06,1.88,1.97
P1,05/11/2022,15:30,Vizela,Arouca,0,1,A,0,1,A,25,7,6,2,5,14,11,2,1,4,0,0,1.9,3.25,4.5,1.93,3.2,4,1.95,3.3,4.1,1.98,3.33,4.45,1.95,3.25,4,1.91,3.3,4.1,1.98,3.48,4.5,1.95,3.29,4.14,2.15,1.66,2.25,1.69,2.25,1.72,2.19,1.66,-0.5,1.98,1.92,1.98,1.92,1.98,1.94,1.95,1.89,2.05,3.25,4,2,3.3,3.7,2.05,3.3,3.8,2.12,3.34,3.9,2.05,3.2,3.7,2,3.3,3.7,2.12,3.52,4.45,2.04,3.3,3.8,2.05,1.75,2.14,1.77,2.24,1.83,2.07,1.75,-0.5,2.1,1.8,2.12,1.81,2.12,1.88,2.05,1.81
P1,05/11/2022,18:00,Porto,Pacos Ferreira,4,0,H,3,0,H,18,9,7,3,16,8,4,6,2,3,0,0,1.12,8,21,1.12,8.75,21,1.12,8.5,21,1.13,9.44,23.78,1.11,8,23,1.1,9,21,1.14,10,26,1.12,8.59,21.13,1.44,2.7,1.46,2.8,1.48,2.9,1.43,2.76,-2.25,1.87,2.03,1.88,2.01,1.9,2.05,1.85,1.99,1.11,8.5,21,1.14,8.5,18,1.12,8.5,21,1.12,9.81,25.23,1.1,8.5,26,1.09,9,22,1.14,10,26,1.11,8.85,21.37,1.4,2.87,1.43,2.92,1.48,3,1.41,2.85,-2.5,2.02,1.77,2.09,1.8,2.12,1.86,2.04,1.8
P1,05/11/2022,20:30,Sp Lisbon,Guimaraes,3,0,H,2,0,H,17,3,6,0,17,10,11,3,1,5,0,1,1.33,5.25,8,1.33,5,8.5,1.33,5.25,9,1.35,5.33,9.52,1.32,4.75,10,1.3,5,10,1.35,5.4,11,1.33,5.11,9,1.7,2.1,1.73,2.2,1.78,2.22,1.71,2.12,-1.5,2.03,1.87,2.05,1.87,2.05,1.89,1.99,1.85,1.4,5,6.5,1.41,4.6,7,1.43,4.7,7,1.43,4.89,7.85,1.38,4.75,7.5,1.4,4.5,7.5,1.45,5.3,9.3,1.4,4.73,7.34,1.7,2.1,1.75,2.16,1.78,2.23,1.7,2.13,-1.25,1.96,1.94,1.97,1.93,1.98,2.07,1.92,1.92
P1,06/11/2022,15:30,Rio Ave,Boavista,1,0,H,0,0,D,7,7,1,1,11,13,4,4,3,2,0,0,2.45,3.1,3,2.35,3.1,3.1,2.4,3.15,3.1,2.52,3.22,3.13,2.4,3,3.1,2.4,3.1,3,2.52,3.25,3.13,2.42,3.13,3.04,2.25,1.61,2.31,1.67,2.38,1.68,2.27,1.62,-0.25,2.13,1.78,2.14,1.79,2.14,1.81,2.08,1.77,2.4,3.2,3,2.5,3.1,2.85,2.45,3.15,3,2.42,3.25,3.26,2.4,3.1,3,2.38,3.2,3,2.62,3.3,3.26,2.45,3.14,3.01,2.15,1.66,2.25,1.69,2.36,1.74,2.24,1.64,-0.25,2.04,1.86,2.06,1.85,2.22,1.89,2.08,1.78
P1,06/11/2022,18:00,Maritimo,Famalicao,0,0,D,0,0,D,17,13,3,3,19,14,7,6,2,2,0,0,2.75,3.2,2.55,2.7,3.2,2.55,2.75,3.2,2.65,2.93,3.21,2.67,2.7,3.1,2.62,2.75,3.1,2.6,2.93,3.36,2.8,2.77,3.16,2.6,2.15,1.66,2.22,1.71,2.25,1.73,2.17,1.67,0,2.03,1.87,2.05,1.86,2.05,1.91,1.99,1.85,2.7,3.1,2.62,2.7,3.2,2.55,2.8,3.2,2.6,2.77,3.19,2.84,2.7,3,2.7,2.63,3.13,2.7,2.99,3.36,2.84,2.73,3.14,2.68,2.15,1.66,2.24,1.7,2.32,1.73,2.19,1.67,0,1.93,1.97,1.93,1.98,2.05,2.01,1.94,1.92
P1,06/11/2022,18:00,Sp Braga,Casa Pia,0,1,A,0,1,A,28,12,8,3,14,14,7,1,2,3,0,0,1.4,5,7,1.41,4.6,7,1.43,4.7,7.25,1.42,4.88,8.07,1.4,4.4,8,1.4,4.5,7.5,1.43,5,8.1,1.41,4.7,7.38,1.72,2.07,1.77,2.14,1.78,2.16,1.74,2.08,-1.25,1.99,1.91,2,1.9,2,1.94,1.94,1.89,1.4,5,7,1.41,4.6,7.25,1.43,4.8,7.25,1.42,4.89,8.12,1.4,4.6,7,1.36,4.6,8,1.46,5.13,8.3,1.4,4.77,7.45,1.7,2.1,1.75,2.17,1.76,2.23,1.7,2.13,-1.25,1.99,1.91,1.99,1.91,2,1.98,1.92,1.92
P1,06/11/2022,20:30,Estoril,Benfica,1,5,A,0,3,A,8,18,3,7,13,9,2,11,0,0,0,0,8.5,5.75,1.3,8.75,5.5,1.31,9.5,5.5,1.3,10.34,5.98,1.3,10,5.25,1.29,10,5.5,1.29,11,6,1.31,9.54,5.57,1.29,1.57,2.35,1.6,2.46,1.6,2.5,1.57,2.38,1.5,2.02,1.88,2.06,1.86,2.06,1.92,1.99,1.85,9.5,6.5,1.25,10,6,1.25,11,6,1.27,12.85,6.43,1.24,11,5.8,1.24,11.5,6,1.22,12.85,6.62,1.27,11.1,6.09,1.24,1.53,2.4,1.56,2.53,1.57,2.6,1.52,2.48,1.75,1.95,1.95,1.93,1.95,1.97,2.03,1.91,1.93
P1,07/11/2022,20:15,Chaves,Santa Clara,0,0,D,0,0,D,13,18,4,2,12,12,4,6,4,4,0,0,2.3,3.25,3.1,2.3,3.2,3.1,2.35,3.15,3.15,2.47,2.99,3.41,2.3,3.1,3.2,2.3,3.1,3.2,2.47,3.28,3.41,2.35,3.1,3.18,2.35,1.57,2.4,1.61,2.45,1.65,2.35,1.58,-0.25,2.04,1.86,2.07,1.83,2.07,1.89,2.01,1.83,2.37,3.1,3.1,2.4,3,3.1,2.45,3.05,3.15,2.44,3.09,3.4,2.35,3,3.2,2.3,3,3.25,2.47,3.22,3.41,2.39,3.04,3.21,2.5,1.5,2.56,1.55,2.69,1.6,2.5,1.52,-0.25,2.05,1.85,2.06,1.85,2.07,1.87,2.03,1.82
P1,12/11/2022,18:00,Arouca,Rio Ave,0,1,A,0,0,D,11,9,0,5,12,15,10,4,5,4,0,0,2.25,3.2,3.25,2.25,3.1,3.2,2.3,3.2,3.25,2.38,3.27,3.32,2.3,3.1,3.2,2.25,3.2,3.2,2.38,3.31,3.35,2.29,3.2,3.23,2.25,1.61,2.3,1.67,2.32,1.69,2.25,1.63,-0.25,2,1.9,2.02,1.88,2.02,1.92,1.97,1.87,2.25,3.2,3.3,2.25,3.1,3.3,2.35,3.15,3.25,2.34,3.19,3.46,2.3,3,3.3,2.25,3.13,3.25,2.45,3.29,3.46,2.31,3.14,3.28,2.25,1.61,2.34,1.65,2.41,1.65,2.31,1.6,-0.25,2.01,1.89,2,1.92,2.05,1.92,1.97,1.87
P1,12/11/2022,20:30,Boavista,Porto,1,4,A,0,1,A,6,24,0,9,16,15,5,4,5,1,1,0,8.5,4.75,1.33,,,,8.5,4.9,1.35,10.17,4.99,1.36,9.5,4.6,1.33,9,4.8,1.33,11,5,1.37,9.1,4.82,1.35,1.7,2.1,1.74,2.18,1.78,2.2,1.72,2.1,1.5,1.83,2.07,1.84,2.08,1.84,2.11,1.8,2.05,11,5.5,1.25,,,,12,5.75,1.25,14.04,5.83,1.26,13,5.5,1.24,13,5.75,1.22,14.04,6.1,1.33,12.28,5.65,1.25,1.7,2.1,1.71,2.21,1.73,2.25,1.69,2.16,1.75,1.88,2.02,1.86,2.03,2.01,2.06,1.85,1.99
P1,13/11/2022,15:30,Guimaraes,Maritimo,1,0,H,0,0,D,12,6,4,3,12,16,1,6,1,2,0,0,1.66,3.6,5.25,1.71,3.6,4.8,1.73,3.65,5,1.73,3.81,5.27,1.7,3.5,5,1.7,3.6,5,1.74,3.95,6,1.7,3.66,5.03,2.05,1.75,2.05,1.85,2.19,1.85,2.04,1.77,-0.75,1.94,1.96,1.96,1.94,1.96,1.97,1.92,1.91,1.95,3.25,4,1.71,3.6,4.8,2.05,3.25,3.9,2.07,3.34,4.07,2.05,3.2,3.75,2,3.25,3.8,2.12,3.45,4.42,2.01,3.29,3.91,2.2,1.65,2.26,1.69,2.35,1.73,2.19,1.67,-0.5,2.07,1.83,2.07,1.85,2.12,1.88,2.03,1.82
P1,13/11/2022,15:30,Pacos Ferreira,Vizela,0,2,A,0,0,D,14,21,5,9,12,17,9,7,1,4,0,0,3.1,3.2,2.37,2.95,3.2,2.35,3.05,3.2,2.4,3.28,3.29,2.39,3.1,3.1,2.35,3.1,3.1,2.38,3.29,3.33,2.41,3.1,3.21,2.36,2.15,1.66,2.2,1.72,2.22,1.74,2.15,1.69,0.25,1.85,2.05,1.87,2.04,1.88,2.06,1.83,2.01,4,3.3,2,3.7,3.2,2,3.8,3.3,2.05,4,3.42,2.06,3.9,3.2,2,3.75,3.3,2,4.15,3.44,2.09,3.83,3.28,2.03,2.15,1.66,2.23,1.71,2.35,1.72,2.17,1.68,0.5,1.84,2.06,1.86,2.06,1.86,2.1,1.81,2.05
P1,13/11/2022,18:00,Benfica,Gil Vicente,3,1,H,2,1,H,17,4,6,2,13,12,6,0,1,1,0,0,1.14,8.5,15,1.14,8.5,16.5,1.15,8.25,17,1.13,9.37,22.57,1.12,7.5,19,1.11,8.5,19,1.15,9.5,23,1.13,8.49,18.66,1.36,3.1,1.38,3.13,1.4,3.22,1.37,3.04,-2.25,1.92,1.98,1.88,2.01,1.98,2.01,1.88,1.95,1.08,12,19,1.09,11,23,1.12,11,16,1.11,11.77,24.13,1.08,10,21,1.07,10.5,23,1.12,12.7,29,1.09,10.63,21.63,1.22,4.2,1.25,4,1.3,4.2,1.24,3.9,-2.75,1.92,1.98,1.94,1.93,2.08,2.01,1.95,1.89
P1,13/11/2022,18:00,Casa Pia,Chaves,1,2,A,1,0,H,14,13,4,4,15,12,2,0,4,1,0,0,2,3.4,3.75,2.05,3.3,3.5,2.1,3.35,3.65,2.11,3.35,3.89,2.05,3.2,3.7,2,3.25,3.8,2.12,3.42,3.89,2.06,3.32,3.68,2.15,1.66,2.24,1.7,2.25,1.76,2.16,1.68,-0.5,2.07,1.83,2.11,1.81,2.11,1.86,2.06,1.79,2.15,3.3,3.5,2.15,3.2,3.3,2.2,3.25,3.4,2.16,3.43,3.64,2.15,3.2,3.4,2.1,3.3,3.5,2.2,3.45,3.81,2.14,3.3,3.48,2.05,1.75,2.09,1.8,2.24,1.85,2.07,1.75,-0.25,1.85,2.05,1.85,2.06,1.88,2.08,1.84,2
P1,13/11/2022,18:00,Portimonense,Sp Braga,1,2,A,1,0,H,14,22,5,10,9,8,2,8,2,5,0,2,5,3.75,1.66,5,3.7,1.68,4.9,3.8,1.7,5.03,4.21,1.68,5,3.7,1.67,4.8,3.9,1.65,5.03,4.21,1.72,4.83,3.92,1.67,1.72,2.07,1.77,2.14,1.83,2.22,1.74,2.07,0.75,2.01,1.89,2.04,1.87,2.04,1.93,1.98,1.85,3.6,3.4,2.05,3.4,3.4,2.05,3.45,3.45,2.1,3.61,3.64,2.1,3.6,3.3,2.05,3.4,3.5,2.05,3.81,3.77,2.12,3.49,3.5,2.06,1.85,2,1.87,2.02,1.99,2.11,1.82,1.98,0.5,1.8,2.1,1.83,2.1,1.91,2.12,1.79,2.06
P1,13/11/2022,20:30,Famalicao,Sp Lisbon,1,2,A,0,2,A,11,21,2,8,14,17,3,5,4,7,0,0,5.5,3.75,1.65,5,3.8,1.65,5.25,3.8,1.67,5.64,3.99,1.66,5.25,3.6,1.65,5.25,3.8,1.62,5.64,4,1.68,5.19,3.83,1.65,1.85,2,1.85,2.05,1.88,2.05,1.83,1.97,0.75,2.04,1.86,2.08,1.84,2.08,1.87,2,1.83,6,3.75,1.61,5.75,3.8,1.57,6.5,3.75,1.57,6.67,3.85,1.61,6.5,3.6,1.57,6,3.8,1.57,6.75,4,1.63,6.14,3.83,1.58,2.05,1.75,2.08,1.81,2.11,1.85,2.04,1.77,1,1.82,2.08,1.85,2.07,1.87,2.13,1.81,2.04
P1,14/11/2022,20:15,Santa Clara,Estoril,3,1,H,2,1,H,15,16,9,1,19,15,6,7,3,1,0,0,2.25,3.2,3.2,2.35,3.2,3,2.35,3.2,3.2,2.39,3.18,3.32,2.3,3.1,3.2,2.25,3.1,3.3,2.41,3.27,3.33,2.32,3.15,3.2,2.25,1.61,2.31,1.65,2.34,1.68,2.26,1.63,-0.25,2,1.9,2.03,1.86,2.03,1.94,1.97,1.86,2.2,3.2,3.4,2.2,3,3.4,2.3,3.1,3.3,2.27,3.19,3.65,2.2,3.1,3.4,2.2,3.1,3.4,2.38,3.3,3.65,2.25,3.14,3.38,2.4,1.53,2.48,1.59,2.48,1.65,2.37,1.57,-0.25,1.89,2.01,1.93,1.98,1.97,2.01,1.91,1.93
